bookID,title,authors,average_rating,isbn,isbn13,language_code,  num_pages,ratings_count,text_reviews_count,publication_date,publisher
7554,The Acme Novelty Datebook  Vol. 1  1986-1995,Chris Ware,4.17,1896597661,9781900000000.0,eng,208,504,23,11/26/2013,Drawn and Quarterly
7556,Quimby The Mouse,Chris Ware,4.09,022407265X,9780220000000.0,en-US,69,1411,32,11/20/2003,Jonathan Cape
7559,Candide: or  Optimism,Voltaire/Chris Ware/Theo Cuffe/Michael  Wood,3.77,143039423,9780140000000.0,eng,155,1929,193,10/25/2005,Penguin Group
7572,Even Cowgirls Get the Blues,Tom Robbins,3.76,1842430246,9781840000000.0,eng,366,44664,1483,10/11/2001,No Exit Press
7577,Even Cowgirls Get the Blues & My Own Private Idaho,Gus Van Sant/Tom Robbins,3.76,571169201,9780570000000.0,eng,199,97,2,2/21/1994,Faber  Faber
7579,Awakening the Buddha Within: Eight Steps to Enlightenment,Surya  Das,4.19,767901576,9780770000000.0,en-US,432,12034,285,6/15/1998,Harmony
7580,Iran Awakening: A Memoir of Revolution and Hope,Shirin Ebadi,4.14,1400064708,9781400000000.0,eng,232,3187,267,05/02/2006,Random House (NY)
7581,The Book of Awakening: Having the Life You Want by Being Present to the Life You Have,Mark Nepo,4.31,1573241172,645241000000.0,eng,438,5495,295,5/31/2000,Conari Press
7582,Awakening Intuition: Using Your Mind-Body Network for Insight and Healing,Mona Lisa Schulz/Christiane Northrup,3.93,609804243,9780610000000.0,eng,397,317,32,4/20/1999,Three Rivers Press
7584,The Grace Awakening: Believing in Grace Is One Thing. Living it Is Another,Charles R. Swindoll,4.33,849911885,9780850000000.0,eng,306,2068,63,11/19/2006,Thomas Nelson
7585,Spring's Awakening,Frank Wedekind/Eric Bentley,3.8,1557832455,9781560000000.0,eng,126,3378,137,04/01/2000,Applause Books
7586,Awakening at Midlife: A Guide to Reviving Your Spirit  Recreating Your Life  and Returning to Your Truest Self,Kathleen A. Brehony,3.99,1573226327,9781570000000.0,en-US,384,64,8,09/01/1997,Riverhead Books
7588,A Portrait of the Artist as a Young Man,James Joyce/Seamus Deane,3.61,142437344,9780140000000.0,eng,329,108179,3536,3/25/2003,Penguin Classics
7590,A Portrait of the Artist As a Young Man,James Joyce/Walter Hettche/Hans Walter Gabler/John Paul Riquelme/John Mitchel/Michael Davitt/Canon  Doyle/Pádraic Pearse/Ignatius of Loyola/Giovanni Pietro Pinamont/Walter Pater/Oscar Wilde/Douglas Hyde/Kenneth Burke/Umberto Eco/Hugh Kenner/Hélène Cixous/Karen Lawrence/Maud Ellmann/Bonnie Kime Scott/Joseph Valente/Marian Eide/Pericles Lewis/Jonathan Mulrooney/J.M. Synge,3.61,393926796,9780390000000.0,eng,490,359,35,05/01/2007,W. W. Norton & Company
7591,A Portrait of the Artist as a Young Man,James Joyce/Jim Norton,3.61,9626343664,9789630000000.0,eng,368,27,8,08/01/2005,Naxos Audiobooks
7592,A Portrait of the Artist as a Young Man,James Joyce/Langdon Hammer,3.61,451530152,9780450000000.0,eng,256,419,46,06/06/2006,Signet Classics
7596,Vincent Van Gogh: Portrait of an Artist,Jan Greenberg/Sandra Jordan,3.94,440419174,9780440000000.0,eng,144,220,38,1/14/2003,Yearling
7598,A Study Guide to Gabriel Garcia Marquez' One Hundred Years of Solitude,Gabriel García Márquez/Brenda K. Marshall/F. Murray Abraham,4.11,1570421129,9781570000000.0,eng,0,75,2,04/01/2006,Warner Adult
7599,One Hundred Years of Solitude,Gabriel García Márquez/Gregory Rabassa,4.07,006112009X,9780060000000.0,eng,448,1608,212,5/30/2006,Harper Perennial Modern Classics
7600,One Hundred Years Of Solitude,Gabriel García Márquez,4.07,1857152239,9781860000000.0,eng,416,376,53,9/21/1995,Everyman
7603,Reading Lolita in Tehran: A Memoir in Books,Azar Nafisi,3.61,081297106X,9780810000000.0,eng,356,106493,6561,12/30/2003,Random House Trade Paperbacks
7606,The Annotated Lolita,Vladimir Nabokov/Alfred Appel,4.28,679727299,9780680000000.0,eng,457,2965,358,4/23/1991,Vintage Books
7608,Lolita,Vladimir Nabokov/Jeremy Irons,3.89,739322060,9780740000000.0,eng,12,787,239,4/26/2005,Random House Audio
7609,Nacho and Lolita,Pam Muñoz Ryan/Claudia Rueda,3.97,439269687,9780440000000.0,eng,40,34,5,10/01/2005,Scholastic Press
7610,Reading Lolita in Tehran,Azar Nafisi,3.61,7178484,9780010000000.0,eng,343,325,56,01/02/2004,Fourth Estate
7611,sex.lies.murder.fame.,Lolita Files,3.79,60786809,9780060000000.0,eng,368,205,27,01/10/2006,Amistad
7613,Animal Farm,George Orwell/Boris Grabnar/Peter Škerl,3.93,452284244,9780450000000.0,eng,122,2111750,29677,05/06/2003,NAL
7615,Farm Animals (A Chunky Book),Phoebe Dunn,3.86,394862546,9780390000000.0,eng,28,35,4,02/12/1984,Random House Books for Young Readers
7624,Lord of the Flies,William Golding,3.68,140283331,9780140000000.0,eng,182,2036679,26199,10/01/1999,Penguin Books
7633,Good Soldier Svejk And His Fortunes In The World,Jaroslav Hašek,4.11,141184280,9780140000000.0,eng,752,91,10,10/03/2000,Penguin Classic
7637,The Good Soldier,Ford Madox Ford/Frank Kermode,3.72,1593082681,9781590000000.0,eng,256,264,35,3/28/2005,Barnes  Noble Classics
7656,Fahrenheit 451,Ray Bradbury,3.99,8445074873,9788450000000.0,eng,186,5733,606,04/01/2004,Del Rey
7661,Next,Michael Crichton,3.5,60872985,9780060000000.0,eng,431,59354,2540,11/28/2006,Harper
7662,Three Complete Novels: The Andromeda Strain / The Terminal Man / The Great Train Robbery,Michael Crichton,4.06,517084791,9780520000000.0,eng,688,1004,31,03/01/1993,Wings
7663,A Case of Need,Jeffery Hudson/Michael Crichton,3.72,451210638,9780450000000.0,eng,416,17135,654,08/05/2003,Signet
7664,A New Collection of Three Complete Novels: Congo / Sphere / Eaters of the Dead,Michael Crichton,3.99,517101351,9780520000000.0,eng,720,960,27,03/06/1994,Wings Books
7665,Travels,Michael Crichton,3.95,60509058,9780060000000.0,eng,400,7084,514,11/05/2002,Harpperen
7668,Rising Sun,Michael Crichton,3.63,606298231,9780610000000.0,eng,399,42645,717,8/30/2004,Turtleback Books
7670,The Andromeda Strain (Andromeda  #1),Michael Crichton,3.89,60541814,9780060000000.0,eng,327,202043,2850,10/28/2003,Avon Books
7672,Congo,Michael Crichton,3.59,60541830,9780060000000.0,eng,442,144636,1546,10/28/2003,Avon Books
7673,Eaters of the Dead,Michael Crichton,3.67,60891564,9780060000000.0,eng,304,28367,1096,8/29/2006,Avon
7674,The Michael Crichton Collection: Airframe / The Lost World / Timeline,Michael Crichton/Stephen Lang/Anthony Heald/Blair Brown,4.16,739340336,9780740000000.0,en-GB,0,267,7,8/29/2006,Random House Audio
7677,Jurassic Park (Jurassic Park  #1),Michael Crichton,4.02,030734813X,9780310000000.0,spa,480,451443,3647,04/04/2006,Plaza y Janes
7679,The Terminal Man,Michael Crichton,3.36,60092572,9780060000000.0,eng,266,21457,576,11/05/2002,Avon
7681,Five Patients,Michael Crichton,3.48,345354648,9780350000000.0,eng,204,4828,97,1/13/1989,Ballantine Books
7684,Twister,Michael Crichton/Anne-Marie Martin,3.63,345409701,9780350000000.0,eng,182,18,1,04/07/1999,Ballantine Books
7687,Peter Pan and Other Plays,J.M. Barrie/Peter Hollindale,3.97,192839195,9780190000000.0,eng,384,366,21,7/15/1999,Oxford University Press
7694,Management Information Systems: Managing the Digital Firm,Kenneth C. Laudon/Jane P. Laudon,3.5,131538411,9780130000000.0,en-US,736,231,16,03/01/2005,Prentice Hall
7695,Holy the Firm,Annie Dillard,4.22,60915439,9780060000000.0,eng,76,3722,339,12/30/1998,Harper Perennial
7697,Persian Mirrors: The Elusive Face of Iran,Elaine Sciolino,3.82,743284798,9780740000000.0,eng,432,546,53,10/03/2005,Free Press
7700,Plays: Mrs Warren's Profession/Man and Superman/Major Barbara/Pygmalion,George Bernard Shaw/Sandie Byrne,3.94,393977536,9780390000000.0,eng,551,125,6,5/16/2002,W.W. Norton & Company
7707,Pygmalion & My Fair Lady,George Bernard Shaw/Alan Jay Lerner,4.26,451530098,9780450000000.0,eng,240,14962,61,03/07/2006,Signet
7708,Saint Joan/Major Barbara/Androcles and the Lion,George Bernard Shaw,3.67,394604806,9780390000000.0,eng,479,11,5,11/12/1979,Modern Library/Random House (NY)
7714,Pygmalion,George Bernard Shaw,3.9,486282228,9780490000000.0,eng,82,76944,1636,10/20/1994,Dover Publications
7716,Plays Pleasant,George Bernard Shaw/Dan H. Laurence/W.J. McCormack,3.9,140437940,9780140000000.0,eng,336,265,10,3/27/2003,Penguin Classics
7717,The Metamorphosis,Peter Kuper/Franz Kafka/Kerstin Hasenpusch,3.79,1400047951,9781400000000.0,eng,78,181,26,08/05/2003,Crown
7718,The Metamorphosis (Graphic Novel Adaptation),Peter Kuper/Franz Kafka/Kerstin Hasenpusch,3.79,1400052998,9781400000000.0,eng,80,3192,307,7/20/2004,Broadway Books
7721,The Metamorphosis,Franz Kafka/Stanley Corngold,3.81,393967972,9780390000000.0,eng,232,663,48,2/17/1996,W. W. Norton & Company
7723,The Metamorphosis and Other Stories,Franz Kafka/Jason Baker/Donna Freed,4.03,1593080298,9781590000000.0,eng,224,38114,793,07/01/2003,Barnes  Noble Classics
7724,The Metamorphosis and Other Stories,Franz Kafka/Stanley Appelbaum,4.03,486290301,9780490000000.0,eng,88,2474,126,04/12/1996,Dover Publications
7731,Antigone's Claim: Kinship Between Life and Death,Judith Butler,3.76,231118953,9780230000000.0,en-US,118,433,20,5/23/2002,Columbia University Press
7733,Gulliver's Travels,Jonathan Swift/Robert DeMaria Jr.,3.57,141439491,9780140000000.0,eng,306,194738,3485,1/30/2003,Penguin
7734,Gulliver's Travels,Jonathan Swift/Claude Julien Rawson/Ian Higgins,3.57,192805347,9780190000000.0,eng,422,258,21,03/10/2005,Oxford University Press
7737,Gulliver's Travels,Jonathan Swift/David Case,3.57,1400102723,9781400000000.0,eng,0,4,1,10/01/2006,Tantor Media
7739,Gulliver's Travels,Gill Harvey/Jonathan Swift,3.35,794503292,9780790000000.0,eng,64,13,3,1/29/2008,Usborne Books
7740,Gulliver's Travels,Martin Woodside/Jamel Akib/Arthur Pober/Jonathan Swift,3.97,1402726627,9781400000000.0,eng,160,933,26,3/28/2006,Sterling
7741,Gulliver's Travels,Jonathan Swift/Robert Hardy,3.57,1844560341,9781840000000.0,eng,3,8,0,01/01/2001,Hodder Audio
7742,Ahab's Wife  or The Star-Gazer,Sena Jeter Naslund,4.03,60838744,9780060000000.0,eng,704,40049,2391,08/02/2005,William Morrow Paperbacks
7747,Fear and Loathing in Las Vegas,Hunter S. Thompson/Ralph Steadman,4.08,7204493,9780010000000.0,eng,230,3472,251,04/04/2005,Harper Perennial
7748,Fear and Loathing on the Campaign Trail '72,Hunter S. Thompson,4.12,446698229,9780450000000.0,eng,481,17227,662,10/01/2006,Warner Books (NY)
7749,Fear and Loathing in Las Vegas,Hunter S. Thompson/Ralph Steadman,4.08,446313939,9780450000000.0,eng,208,274,28,12/01/1982,Warner Books
7752,Fear and Loathing in America: The Brutal Odyssey of an Outlaw Journalist  1968-1976,Hunter S. Thompson,4.08,684873168,9780680000000.0,eng,784,3787,84,12/04/2001,Simon  Schuster
7757,Cliffsnotes on Beckett's Waiting for Godot and Other Plays,James Lamar Roberts/Jeffrey Fisher,3.67,822013541,9780820000000.0,eng,72,3,0,7/28/1980,Cliffs Notes
7763,The Joy Luck Club,Amy Tan,3.92,143038095,9780140000000.0,eng,288,565524,7255,9/21/2006,Penguin Books
7769,Dr. Seuss's ABC,Dr. Seuss,4.08,679882812,9780680000000.0,eng,21,27139,731,11/26/1996,Random House
7772,Dr. Seuss's Sleep Book,Dr. Seuss,4.17,394800915,9780390000000.0,eng,58,8967,351,7/24/2012,New York: Random House
7775,Happy Birthday to You!,Dr. Seuss,4.13,394800761,9780390000000.0,eng,64,4344,262,08/12/1959,Random House Books for Young Readers
7777,McElligot's Pool,Dr. Seuss,4.06,394800834,9780390000000.0,eng,64,4560,253,09/12/1947,Random House Books for Young Readers
7778,The Cat in the Hat,Dr. Seuss,4.17,679891110,9780680000000.0,eng,61,289,4,11/11/1997,Random House Books for Young Readers
7779,Horton Hears a Who!,Dr. Seuss,4.18,679800034,9780680000000.0,eng,64,89920,1207,10/10/1990,Random House Books for Young Readers
7781,The 500 Hats of Bartholomew Cubbins,Dr. Seuss,4.04,039484484X,9780390000000.0,eng,56,13097,324,12/09/1989,Random House Books for Young Readers
7783,Oh Say Can You Say?,Dr. Seuss,4.01,7175221,9780010000000.0,eng,36,5868,162,11/01/2005,London : Collins  2004.
7784,The Lorax,Dr. Seuss,4.35,679889108,9780680000000.0,eng,72,260054,3532,2/24/1998,Random House Books for Young Readers
7785,I Can Read With My Eyes Shut!,Dr. Seuss,4.2,7158513,9780010000000.0,eng,48,16917,444,05/06/2003,HarperCollinsChildren’sBooks
7786,¡Horton escucha a quién!,Dr. Seuss/Yanitzia Canetti,4.18,1930332351,9781930000000.0,spa,64,29,4,03/01/2003,Lectorum Publications
7788,The Cat in the Hat and Other Dr. Seuss Favorites,Dr. Seuss/Various,4.42,807218731,9780810000000.0,eng,61,50844,160,10/14/2003,Listening Library (Audio)
7789,Daisy-Head Mayzie,Dr. Seuss,3.87,679867120,9780680000000.0,eng,56,3196,137,01/11/1995,Random House Books for Young Readers
7791,Dr. Seuss Goes to War: The World War II Editorial Cartoons of Theodor Seuss Geisel,Richard H. Minear/Art Spiegelman/Dr. Seuss,4.16,1565847040,9781570000000.0,eng,272,1282,102,09/01/2001,The New Press
7793,Dr. Seuss's ABC (Book & CD),Dr. Seuss,4.08,375834966,9780380000000.0,eng,64,8,0,01/05/2005,Random House Books for Young Readers
7796,Cattus Petasatus: The Cat in the Hat in Latin,Dr. Seuss/Jennifer Morrish Tunberg/Terence Tunberg/Terence O. Tunberg/Guenevera Tunberg/Terentio Tunberg,4.17,865164711,9780870000000.0,lat,75,63,9,05/06/2005,Bolchazy-Carducci Publishers
7797,Ten Apples Up On Top!,Theo LeSieg/Dr. Seuss/Roy McKie,4.12,7169973,9780010000000.0,eng,62,31251,494,08/04/2003,HarperCollinsChildren’sBooks
7803,The Legacy of Luna: The Story of a Tree  a Woman  and the Struggle to Save the Redwoods,Julia Butterfly Hill,3.95,62516590,9780060000000.0,eng,262,1844,220,04/03/2001,HarperOne
7805,Pale Fire,Vladimir Nabokov,4.15,141185260,9780140000000.0,eng,246,32544,1610,8/31/2000,Penguin Books Ltd
7806,Nabokov's Pale Fire: The Magic of Artistic Discovery,Brian Boyd,4.22,691089574,9780690000000.0,eng,320,172,22,11/04/2001,Princeton University Press
7807,Novels 1955–1962: Lolita / Pnin / Pale Fire / Lolita: A Screenplay,Vladimir Nabokov/Brian Boyd,4.41,1883011191,9781880000000.0,eng,916,547,39,10/01/1996,Library of America
7811,A Friend of the Earth,T. Coraghessan Boyle,3.67,747553467,9780750000000.0,eng,275,30,3,10/08/2001,Bloomsbury Paperbacks
7815,The Year of Magical Thinking,Joan Didion,3.89,1400078431,9781400000000.0,eng,227,120758,8711,2/13/2007,Vintage
7821,Seduction and Betrayal: Women and Literature,Elizabeth Hardwick/Joan Didion,4.01,940322781,9780940000000.0,eng,224,269,26,8/31/2001,NYRB Classics
7830,After Henry,Joan Didion,3.83,679745394,9780680000000.0,eng,320,1205,100,4/27/1993,Vintage
7838,O Ano do Pensamento Mágico,Joan Didion,3.89,8520918867,9788520000000.0,por,224,82,9,5/24/2006,Nova Fronteira
7841,Another Day in Paradise: The Fourth Sherman's Lagoon Collection,Jim Toomey,4.35,740720120,9780740000000.0,eng,130,68,1,09/06/2001,Andrews McMeel Publishing
7842,Another Day in Cubicle Paradise,Scott Adams,4.01,740721941,9780740000000.0,eng,128,416,11,03/01/2002,Andrews McMeel Publishing
7845,Moby Dick,Herman Melville,3.5,140620621,9780140000000.0,eng,536,701,78,01/01/1994,Penguin Books/Penguin Popular Classics
7847,Moby-Dick,Herman Melville/Nathaniel Philbrick,3.5,142000086,9780140000000.0,en-US,625,1022,165,09/01/2001,Penguin Books
7848,Moby-Dick; or  The Whale,Herman Melville/Rockwell Kent/Elizabeth Hardwick,3.5,067978327X,9780680000000.0,eng,896,557,87,10/10/2000,Modern Library
7849,Moby Dick  or The Whale,Herman Melville/Harrison Hayford/Hershel Parker,3.5,810119110,9780810000000.0,en-US,573,106,19,9/19/2001,Northwestern University Press
7850,The Girl in the Flammable Skirt,Aimee Bender,3.88,385492162,9780390000000.0,eng,192,6591,661,8/17/1999,Anchor
7855,Planet of Slums,Mike  Davis,3.92,1844670228,9781840000000.0,eng,228,1727,173,03/01/2006,Verso
7859,Late Victorian Holocausts: El Niño Famines and the Making of the Third World,Mike  Davis,4.11,1859843824,9781860000000.0,eng,474,1021,101,6/17/2002,Verso
7861,No One Is Illegal: Fighting Racism and State Violence on the U.S.-Mexico Border,Justin Akers Chacón/Mike  Davis,4.08,1931859353,9781930000000.0,eng,240,237,22,04/01/2006,Haymarket Books
7865,Days Between Stations,Steve Erickson,4.0,743265696,9780740000000.0,eng,256,709,49,02/09/2005,Simon & Schuster
7869,The Bourne Identity (Jason Bourne  #1),Robert Ludlum,4.02,752864327,9780750000000.0,eng,566,368195,3556,3/24/2005,Orion
7881,Little Plum,Rumer Godden/Jean Primrose,4.22,140307370,9780140000000.0,eng,144,11,1,08/01/1987,Puffin Books
7890,Betsy's Wedding (Betsy-Tacy  #10),Maud Hart Lovelace/Vera Neville,4.31,64405443,9780060000000.0,en-US,260,4169,155,3/31/1996,HarperTrophy
7891,Betsy and the Great World (Betsy-Tacy  #9),Maud Hart Lovelace/Vera Neville,4.14,64405451,9780060000000.0,eng,321,4747,148,3/31/1996,HarperTrophy
7894,Betsy and Tacy Go Over the Big Hill (Betsy-Tacy  #3),Maud Hart Lovelace/Lois Lenski,4.18,64400999,9780060000000.0,en-US,192,7809,186,04/05/2000,HarperCollins
7895,Maud Hart Lovelace's Deep Valley: A Guidebook of Mankato Places in the Betsy-Tacy Series,Julie A. Schrader,4.29,971316821,9780970000000.0,eng,325,58,8,12/31/2002,Minnesota Heritage Publishing
7896,Early Candlelight,Maud Hart Lovelace/Rhoda R. Gilman,3.69,873512693,9780870000000.0,eng,342,184,30,8/15/1992,Minnesota Historical Society Press
7898,Betsy and Joe (Betsy-Tacy  #8),Maud Hart Lovelace/Vera Neville,4.31,006440546X,9780060000000.0,eng,336,4586,119,3/31/1995,HarperTrophy
7901,Betsy Was a Junior (Betsy-Tacy  #7),Maud Hart Lovelace/Vera Neville,4.17,64405478,9780060000000.0,en-US,320,4839,126,3/31/1995,HarperTrophy
7905,Betsy and Tacy Go Downtown (Betsy-Tacy  #4),Maud Hart Lovelace/Lois Lenski,4.21,690134495,9780690000000.0,eng,180,70,7,01/01/1943,Thomas Y. Crowell Company
7906,Emily of Deep Valley (Deep Valley  #2),Maud Hart Lovelace/Vera Neville,4.23,64408582,9780060000000.0,eng,304,2722,151,12/31/2000,HarperTrophy
7909,Betsy-Tacy (Betsy-Tacy  #1),Maud Hart Lovelace/Lois Lenski,4.07,64400964,9780060000000.0,en-US,144,20976,935,8/14/2007,HarperCollins
7911,Five Little Peppers and How They Grew (Five Little Peppers  #1),Margaret Sidney,4.03,1416916172,9781420000000.0,eng,352,22023,395,06/01/2006,Aladdin
7914,Five Little Peppers at School,Margaret Sidney/Barbara Cooney,3.92,044040035X,9780440000000.0,eng,320,243,7,01/01/1988,Yearling
7924,All-of-a-Kind Family Uptown (All-of-a-Kind-Family  #4),Sydney Taylor,4.28,929093097,9780930000000.0,eng,160,5702,65,04/01/2001,Taylor Productions Ltd
7926,All-of-a-Kind Family (All-of-a-Kind-Family  #1),Sydney Taylor,4.22,385732953,9780390000000.0,eng,188,21620,836,8/23/2005,Delacorte Press
7938,Winter Cottage,Carol Ryrie Brink,4.15,20419708,9780020000000.0,eng,178,182,37,06/01/1974,Atheneum
7946,Eddie's Valuable Property,Carolyn Haywood,4.09,688320147,9780690000000.0,eng,192,43,3,03/01/1975,William Morrow & Company
7955,Empire (Empire  #1),Orson Scott Card,3.43,765316110,9780770000000.0,en-US,352,8577,756,11/28/2006,Tor Books
7956,Treason,Orson Scott Card,3.9,765309041,9780770000000.0,eng,288,6234,337,1/24/2006,Orb Books
7957,First Meetings in Ender's Universe (Ender's Saga  #0.5),Orson Scott Card,3.84,765347989,9780770000000.0,eng,212,10475,496,09/01/2004,Tor
7958,Sarah (Women of Genesis  #1),Orson Scott Card,3.88,765341174,9780770000000.0,eng,341,9828,1004,9/17/2001,Forge
7959,Rachel & Leah (Women of Genesis  #3),Orson Scott Card,3.85,765341298,9780770000000.0,en-GB,368,5618,514,11/29/2005,Forge Books
7960,How to Write Science Fiction and Fantasy,Orson Scott Card,3.9,898794161,9780900000000.0,eng,140,475,66,7/15/1990,F & W Publications Inc.
7961,Saints,Orson Scott Card,3.54,312876068,9780310000000.0,eng,608,2436,268,3/14/2001,Forge Books
7965,Homebody,Orson Scott Card,3.39,61093998,9780060000000.0,eng,430,2707,167,1/25/1999,HarperTorch
7966,Rebekah (Women of Genesis  #2),Orson Scott Card,3.84,076534128X,9780770000000.0,eng,416,7487,617,3/27/2012,Forge
7967,Speaker for the Dead (Ender's Saga  #2),Orson Scott Card,4.07,812550757,9780810000000.0,eng,382,190379,6637,8/15/1994,Tor Books
7968,Red Prophet (Tales of Alvin Maker  #2),Orson Scott Card,3.79,812524268,9780810000000.0,en-US,311,18228,427,7/15/1992,Tor Fantasy
7971,The Call of Earth (Homecoming  #2),Orson Scott Card,3.58,812532619,9780810000000.0,eng,352,10268,164,1/15/1994,Tor Books
7972,Shadow of the Hegemon (Shadow  #2),Orson Scott Card/David Birney/Scott Brick/Gabrielle de Cuir/Scott Sowers,3.95,1593974809,9781590000000.0,eng,13,109,19,09/05/2006,Macmillan Audio
7973,Enchantment,Orson Scott Card,3.9,345482409,9780350000000.0,eng,422,23534,2199,5/31/2005,Del Rey
7974,Voyage of Slaves (Flying Dutchman  #3),Brian Jacques/David Elliot,4.13,399245499,9780400000000.0,en-US,356,2288,69,9/14/2006,Philomel Books
7975,High Rhulain (Redwall  #18),Brian Jacques/David Elliot,4.12,399242082,9780400000000.0,eng,341,134,11,9/22/2005,Philomel Books
7983,Salamandastron (Redwall  #5),Brian Jacques/Gary Chalk,4.07,142501522,9780140000000.0,en-US,400,26237,240,9/15/2003,Firebird
7987,The Legend of Luke (Redwall  #12),Brian Jacques,4.0,142501093,9780140000000.0,eng,374,14205,144,06/02/2005,Firebird
7996,Redwall (Redwall  #1),Brian Jacques,4.12,1862301387,9781860000000.0,eng,352,88167,2604,09/04/2006,Red Fox
7997,Castaways of the Flying Dutchman (Flying Dutchman  #1),Brian Jacques/Ian Schoenherr,3.98,142501182,9780140000000.0,eng,356,8025,261,3/31/2003,Firebird
7998,Outcast of Redwall (Redwall  #8),Brian Jacques,3.92,142401420,9780140000000.0,en-US,368,17597,188,5/24/2004,Firebird
8001,Triss (Redwall  #15),Brian Jacques/Allan Curless,3.99,142402486,9780140000000.0,eng,389,10830,119,09/09/2004,Firebird
8004,A Redwall Winter's Tale,Brian Jacques/Christopher Denise,4.13,142401986,9780140000000.0,en-US,72,2353,43,10/21/2004,Puffin
8012,Mr. Impossible,Roger Hargreaves,3.95,084317420X,9780840000000.0,eng,32,614,29,8/24/1998,Price Stern Sloan
8013,Mr. Christmas,Roger Hargreaves/Adam Hargreaves,3.65,843121106,9780840000000.0,eng,40,202,17,9/14/2006,Price Stern Sloan
8014,Mr. Bump,Roger Hargreaves,4.03,843178388,9780840000000.0,eng,32,1701,74,3/23/1998,Price Stern Sloan
8019,Little Miss Birthday,Roger Hargreaves/Adam Hargreaves,4.02,843121319,9780840000000.0,eng,32,207,11,01/11/2007,Price Stern Sloan
8021,Little Miss Lucky,Roger Hargreaves,3.82,843175044,9780840000000.0,eng,32,291,21,11/22/1999,Price Stern Sloan
8023,Mr. Happy,Roger Hargreaves,3.98,1405211997,9781410000000.0,eng,36,1,0,4/30/2004,Egmont Children's Books
8032,Mr. Jelly and the Pirates,Roger Hargreaves/Adam Hargreaves,3.82,084312492X,9780840000000.0,eng,32,87,12,05/10/2007,Price Stern Sloan
8044,Grandma Baa (Easy Peasy People),Roger Hargreaves/Gray Jolliffe,4.12,679801243,9780680000000.0,eng,32,6,0,10/14/1989,Random House for Young Readers
8048,Bill Buzz,Roger Hargreaves/Gray Jolliffe,4.67,679801154,9780680000000.0,eng,32,2,0,10/14/1989,Random House for Young Readers
8051,Gary Grizzle,Roger Hargreaves/Gray Jolliffe,4.33,679801251,9780680000000.0,eng,32,3,0,10/14/1989,Random House for Young Readers
8053,Charlie Oink,Roger Hargreaves/Gray Jolliffe,4.33,067980126X,9780680000000.0,eng,32,3,0,10/14/1989,Random House  for Young Readers
8060,Madame Je-Sais-Tout,Roger Hargreaves,3.77,2010189140,9782010000000.0,fre,36,1,0,5/31/1997,Hachette
8062,The Poppy Seed Cakes,Margery Clark/Maud Petersham/Miska Petersham,4.37,385074573,9780390000000.0,eng,158,57,9,10/01/1964,Doubleday Books
8073,Cloudy With a Chance of Meatballs (Cloudy with a Chance of Meatballs  #1),Judi Barrett/Ron Barrett,4.16,689707495,9780690000000.0,eng,32,124141,2038,04/01/1982,Atheneum Books for Young Readers
8074,The Wind Thief,Judi Barrett/Diane Dawson Hearn,3.8,689305648,9780690000000.0,eng,32,4,1,01/01/1977,Atheneum Books
8077,Animales No Se Visten  Los (Animals Should Definitely Not Wear Clothing) with CD,Judi Barrett/Ron Barrett,4.11,1595191356,9781600000000.0,eng,32,0,0,10/30/1991,Live Oak Media
8084,Beauty,Robin McKinley,4.05,60753102,9780060000000.0,eng,325,3258,478,7/26/2005,HarperCollins
8086,A Robin McKinley Collection: Spindle's End  The Hero and the Crown and The Blue Sword (Folktales #1-3),Robin McKinley,4.39,142302333,9780140000000.0,eng,1008,527,12,9/16/2002,Puffin
8087,Deerskin,Robin McKinley,3.89,441012396,9780440000000.0,en-US,384,17485,1021,05/01/2005,Ace Books
8088,Sunshine,Robin McKinley,3.85,515138819,9780520000000.0,eng,405,31047,3519,11/30/2004,Jove
8089,Rose Daughter,Robin McKinley,3.77,441005837,9780440000000.0,eng,304,17168,997,12/01/1998,Ace
8091,The Door in the Hedge,Robin McKinley,3.68,698119606,9780700000000.0,eng,224,7941,419,10/13/2003,Firebird
8093,The Stone Fey,Robin McKinley/John Clapp,3.36,152000178,9780150000000.0,eng,64,1036,78,09/01/1998,HMH Books for Young Readers
8127,Anne of Green Gables (Anne of Green Gables  #1),L.M. Montgomery,4.25,451528824,9780450000000.0,eng,320,625759,13883,05/06/2003,Signet Book
8134,Anne of Green Gables,L.M. Montgomery/Barbara Caruso,4.25,1419326961,9781420000000.0,en-US,9,69,17,01/01/2005,Recorded Books  Inc.
8137,The Road to Yesterday (Anne of Green Gables  #9),L.M. Montgomery,3.84,553560689,9780550000000.0,eng,403,3106,115,02/01/1993,Bantam Books
8141,Anne of Avonlea,L.M. Montgomery/Clare Sieffert,4.23,448400634,9780450000000.0,eng,315,85,12,11/01/1990,Grosset & Dunlap
8146,The Stories of Vladimir Nabokov,Vladimir Nabokov,4.3,679729976,9780680000000.0,eng,685,5889,183,12/09/1996,Vintage
8147,The Gift,Vladimir Nabokov/Michael Scammell/Dmitri Nabokov,4.0,141185872,9780140000000.0,eng,406,2334,109,04/05/2001,Penguin Books
8148,Lectures on Literature,Vladimir Nabokov/Fredson Bowers/John Updike,4.34,156027755,9780160000000.0,eng,385,1606,83,12/16/2002,Mariner Books
8149,Novels & Memoirs 1941–1951: The Real Life of Sebastian Knight / Bend Sinister / Speak  Memory,Vladimir Nabokov/Brian Boyd,4.36,1883011183,9781880000000.0,eng,734,119,10,10/01/1996,Library of America
8150,The American Years,Brian Boyd,4.33,691024715,9780690000000.0,eng,800,256,22,1/31/1993,Princeton University Press
8151,Laughter in the Dark,Vladimir Nabokov,3.97,811216748,9780810000000.0,eng,292,8717,477,9/17/2006,New Directions
8153,The Luzhin Defense,Vladimir Nabokov/Michael Scammell,3.95,679727221,9780680000000.0,eng,256,7305,277,08/11/1990,Vintage
8155,A Woman of Substance (Emma Harte Saga #1),Barbara Taylor Bradford,4.18,031235326X,9780310000000.0,eng,928,34366,573,12/01/2005,Griffin
8162,The Ravenscar Dynasty (Ravenscar  #1),Barbara Taylor Bradford,3.63,312354606,9780310000000.0,en-US,484,1287,104,12/26/2006,St. Martin's Press
8174,Dark Birthright,Jeanne Treat/Jane Starr Weils,3.63,097216748X,9780970000000.0,eng,429,132,27,10/01/2006,Treat Enterprises
8178,Birthright (Diablo: The Sin War  #1),Richard A. Knaak,3.74,743471229,9780740000000.0,eng,326,1246,69,10/01/2006,Pocket Star
8196,Laura's Album: A Remembrance Scrapbook of Laura Ingalls Wilder,William   Anderson/Laura Ingalls Wilder,4.3,60278420,9780060000000.0,eng,80,746,48,10/13/1998,HarperCollins
8197,Writings to Young Women from Laura Ingalls Wilder: On Wisdom and Virtues (Writings to Young Women on Laura Ingalls Wilder #1),Laura Ingalls Wilder/Stephen W. Hines,3.99,1400307848,9781400000000.0,eng,113,108,11,05/10/2006,Tommy Nelson
8199,Writings to Young Women from Laura Ingalls Wilder: On Life as a Pioneer Woman (Writings to Young Women from Laura Ingalls Wilder #2),Laura Ingalls Wilder/Stephen W. Hines,3.92,1400307856,9781400000000.0,eng,116,94,10,05/10/2006,Tommy Nelson
8200,A Little House Traveler: Writings from Laura Ingalls Wilder's Journeys Across America,Laura Ingalls Wilder,4.13,60724919,9780060000000.0,eng,352,686,52,02/07/2006,HarperCollins
8202,Laura Ingalls Wilder: A Biography,William   Anderson,4.2,60885521,9780060000000.0,eng,256,4144,98,01/02/2007,HarperCollins
8203,West from Home: Letters of Laura Ingalls Wilder  San Francisco  1915  (Little House #11),Laura Ingalls Wilder/Roger Lea MacBride/Margot Patterson Doss,3.84,64400816,9780060000000.0,eng,124,3926,119,10/20/1976,Harper & Row
8204,The Laura Ingalls Wilder Country Cookbook,Laura Ingalls Wilder/William   Anderson,4.09,64461963,9780060000000.0,eng,160,234,18,10/01/1997,HarperCollins Publishers
8205,Writings to Young Women on Laura Ingalls Wilder: As Told By Her Family  Friends  and Neighbors (Writings to Young Women on Laura Ingalls Wilder #3),Laura Ingalls Wilder/Stephen W. Hines,3.98,1400307864,9781400000000.0,eng,128,41,2,05/08/2006,Thomas Nelson
8206,The Laughing Jesus: Religious Lies and Gnostic Wisdom,Tim Freke/Peter Gandy,3.96,140008279X,9781400000000.0,en-US,276,346,31,6/27/2006,Harmony
8213,The Erotic Phenomenon,Jean-Luc Marion/Stephen E. Lewis,4.03,226505367,9780230000000.0,eng,248,75,12,11/15/2006,University of Chicago Press
8214,The Phenomenon of Life: Toward a Philosophical Biology,Hans Jonas/Lawrence Vogel/Eleonore Jonas,4.24,810117495,9780810000000.0,eng,304,92,9,2/28/2001,Northwestern University Press
8218,Down to the Bonny Glen (Little House: The Martha Years  #3),Melissa Wiley/Renée Graef,4.15,64407144,9780060000000.0,eng,321,1480,39,05/08/2001,HarperTrophy
8221,Laura: The Life of Laura Ingalls Wilder,Donald Zochert,4.12,380016362,9780380000000.0,en-GB,241,5628,125,05/01/1977,Avon
8227,Winter Days in the Big Woods,Laura Ingalls Wilder/Renée Graef,4.28,64433730,9780060000000.0,eng,32,1538,59,9/15/1995,HarperCollins
8228,The First Four Years (Little House  #9),Laura Ingalls Wilder/Cherry Jones,3.89,60565098,9780060000000.0,eng,3,91,13,6/13/2006,HarperFestival
8230,Winter on the Farm,Laura Ingalls Wilder/Renée Graef/Jody Wheeler,4.15,006440692X,9780060000000.0,eng,32,424,25,09/06/1997,Winter on the Farm (My First Little House)
8233,Summertime in the Big Woods,Laura Ingalls Wilder/Renée Graef,4.18,64434974,9780060000000.0,eng,40,867,31,02/02/2000,HarperCollins
8244,Old Town in the Green Groves: Laura Ingalls Wilder's Lost Little House Years,Cynthia Rylant/Jim LaMarche,4.05,64409902,9780060000000.0,eng,176,4799,88,06/01/2004,Harper Trophy
8246,Laura Ingalls Wilder's Fairy Poems,Laura Ingalls Wilder/Richard  Hull,3.99,385325339,9780390000000.0,eng,39,143,18,10/13/1998,Doubleday Books for Young Readers
8247,Constructing the Little House: Gender  Culture  and Laura Ingalls Wilder,Ann Romines,3.7,1558491228,9781560000000.0,eng,304,35,5,11/21/1997,University of Massachusetts Press
8249,These Happy Golden Years (Little House  #8),Laura Ingalls Wilder/Cherry Jones/Paul Woodiel,4.19,006056508X,9780060000000.0,eng,7,105,12,3/28/2006,HarperFestival
8252,Farmer Boy (Little House  #2),Laura Ingalls Wilder/Garth Williams,4.07,60885386,9780060000000.0,eng,357,45778,1286,01/01/2007,HarperTrophy
8253,Little Town on the Prairie  (Little House  #7),Laura Ingalls Wilder/Garth Williams,4.19,60885432,9780060000000.0,eng,374,71853,646,01/01/2007,HarperTrophy
8254,Christmas Stories (Little House Chapter Books: Laura  #10),Laura Ingalls Wilder/Renée Graef/Heather Henson,4.21,64420817,9780060000000.0,eng,80,66,7,10/06/1999,HarperCollins
8255,My Little House Crafts Book: 18 Projects from Laura Ingalls Wilder's,Carolyn Strom Collins/Christina Wyss Eriksson/Mary Collier,4.03,64462048,9780060000000.0,eng,64,59,6,3/21/1998,HarperCollins
8256,Christmas in the Big Woods,Laura Ingalls Wilder/Renée Graef,4.2,64434877,9780060000000.0,eng,32,2142,72,9/20/1997,HarperCollins
8282,The Long Winter (Little House  #6),Laura Ingalls Wilder/Garth Williams,4.14,60885424,9780060000000.0,eng,422,67427,1048,01/01/2007,HarperTrophy
8285,A Little House Birthday,Laura Ingalls Wilder/Doris Ettlinger,4.14,006443494X,9780060000000.0,eng,40,453,17,09/05/1998,HarperCollins
8290,The Deer in the Wood,Laura Ingalls Wilder/Renée Graef,4.17,64434982,9780060000000.0,eng,32,324,23,1/16/1999,HarperCollins
8296,The First Four Years  (Little House  #9),Laura Ingalls Wilder/Garth Williams,3.89,60885459,9780060000000.0,eng,126,28259,533,01/02/2007,HarperTrophy
8298,The Little House Cookbook: Frontier Foods from Laura Ingalls Wilder's Classic Stories,Barbara M. Walker/Garth Williams,4.15,64460908,9780060000000.0,eng,256,3375,91,09/07/1989,HarperCollins
8322,Little House on the Prairie (Little House  #3),Laura Ingalls Wilder/Garth Williams,4.19,60885394,9780060000000.0,eng,309,635,30,01/01/2007,HarperTrophy
8335,Let the Hurricane Roar,Rose Wilder Lane,3.96,64401588,9780060000000.0,en-US,118,192,32,10/01/1985,HarperTrophy
8337,Little House in the Big Woods (Little House  #1),Laura Ingalls Wilder/Garth Williams,4.18,60885378,9780060000000.0,eng,198,201840,3463,01/01/2007,HarperTrophy
8359,Flowers (Eyewitness Explorers),David Burnie,3.85,789422131,9780790000000.0,eng,64,8,2,9/15/1997,Dorling Kindersley Children
8362,Animal: The Definitive Visual Guide to the World's Wildlife,David Burnie/Don E. Wilson,4.51,756616344,9780760000000.0,eng,624,570,17,9/19/2005,DK
8370,The Making Of Disney's Animal Kingdom Theme Park,Melody Malmberg/Walt Disney Company,4.32,786864028,9780790000000.0,eng,192,34,2,05/01/1998,Disney Enterprises
8373,El Reino Animal,Sergio Ramírez,3.69,9707705736,9789710000000.0,spa,256,16,4,07/01/2006,Alfaguara
8417,Tree (Eyewitness Books),David Burnie/Peter K. Chadwick,4.02,789458209,9780790000000.0,eng,64,5,0,6/14/2000,DK Children
8428,Insects & Spiders,David Burnie,4.5,783548818,9780780000000.0,eng,64,4,0,5/24/1999,Time Life Medical
8486,The Prophet of Yonwood,Jeanne DuPrau,3.27,375875263,9780380000000.0,eng,289,621,82,04/01/2006,Random House Books for Young Readers
8489,Muhammad: A Prophet for Our Time,Karen Armstrong,4.08,60598972,9780060000000.0,eng,256,1896,202,10/17/2006,Eminent Lives
8492,Prophet,Frank E. Peretti,3.94,1581345267,9781580000000.0,en-US,416,12789,221,03/11/2004,Crossway Books
8494,Access the Power of Your Higher Self: Your Source of Inner Guidance and Spiritual Transformation (Pocket Guides to Practical Spirituality),Elizabeth Clare Prophet,4.21,922729360,9780920000000.0,en-GB,100,55,6,9/21/2017,Summit University Press
8495,Hailstones and Halibut Bones,Mary O'Neill/John Wallner,4.31,385410786,9780390000000.0,en-US,64,125,22,04/01/1990,Doubleday Books for Young Readers
8499,The Second Sex,Simone de Beauvoir/H.M. Parshley/Margaret Crosland,4.12,1857151372,9781860000000.0,eng,848,47,6,3/18/1993,Everyman's Library
8500,The Second Sex,Simone de Beauvoir/H.M. Parshley,4.12,009974421X,9780100000000.0,eng,880,333,27,08/07/1997,Vintage Classics
8501,The Church and the Second Sex,Mary Daly,3.84,807011010,9780810000000.0,eng,231,129,7,01/03/1986,Beacon Press
8506,Thomas Jefferson (Oxford Portraits),R.B. Bernstein,4.01,195181301,9780200000000.0,eng,253,4245,133,9/15/2005,Oxford University Press  USA
8508,The Jefferson Bible: The Life and Morals of Jesus of Nazareth,Thomas Jefferson,3.82,1557091846,9781560000000.0,eng,103,1038,100,08/01/2006,Applewood Books
8510,Who Was Thomas Jefferson?,Dennis Brindell Fradin/Nancy Harrison/John   O'Brien,4.07,448431459,9780450000000.0,eng,103,692,80,7/28/2003,Penguin Workshop
8515,The Man Who Listens to Horses,Monty Roberts/Lucy Grealy/Lawrence Scanlan,4.12,034542705X,9780350000000.0,en-US,352,9963,206,11/28/1998,Ballantine Books
8520,Under Orders (Sid Halley  #4),Dick Francis,3.87,399154000,9780400000000.0,eng,308,4119,252,10/01/2006,Putnam Publishing Group
8522,For Kicks,Dick Francis,4.0,425194981,9780430000000.0,eng,292,3062,94,02/03/2004,G.P. Putnam's Sons
8523,Forfeit,Dick Francis,3.94,425201910,9780430000000.0,eng,256,2538,63,04/05/2005,G.P. Putnam's Sons
8525,Dead Cert,Dick Francis,3.97,425194973,9780430000000.0,eng,277,4964,124,01/06/2004,G.P. Putnam's Sons
8528,Rat Race,Dick Francis,3.98,425210766,9780430000000.0,eng,304,2400,93,07/05/2006,G.P. Putnam's Sons
8529,Reflex,Dick Francis,4.07,425206955,9780430000000.0,eng,304,4675,129,10/04/2005,G.P. Putnam's Sons
8532,Decider,Dick Francis,3.99,042519938X,9780430000000.0,eng,341,3461,133,12/07/2004,G.P. Putnam's Sons
8533,Slay Ride,Dick Francis,3.82,425196739,9780430000000.0,en-US,288,2215,60,04/06/2004,G.P. Putnam's Sons
8536,Bonecrack,Dick Francis,4.0,425208850,9780430000000.0,eng,304,2910,84,06/06/2006,G.P. Putnam's Sons
8537,Nerve,Dick Francis,4.04,515123463,9780520000000.0,eng,320,3581,113,09/01/1998,Jove
8538,Break In (Kit Fielding  #1),Dick Francis,4.05,425199932,9780430000000.0,eng,320,3758,128,01/04/2005,G.P. Putnam's Sons
8540,Blood Sport,Dick Francis,3.89,425199169,9780430000000.0,eng,288,4600,113,11/02/2004,G.P. Putnam's Sons
8541,Straight,Dick Francis,4.05,042520846X,9780430000000.0,eng,320,3513,143,02/07/2006,G.P. Putnam's Sons
8542,10 lb Penalty,Dick Francis,3.9,042519745X,9780430000000.0,eng,320,3490,177,08/03/2004,G.P. Putnam's Sons
8544,Trial Run,Dick Francis,3.83,425199835,9780430000000.0,eng,272,2004,54,09/07/2004,G.P. Putnam's Sons
8545,Wild Horses,Dick Francis,3.91,425196747,9780430000000.0,eng,352,2935,154,05/04/2004,G.P. Putnam's Sons
8546,Field of Thirteen,Dick Francis,3.73,042519499X,9780430000000.0,eng,304,2053,85,03/02/2004,G.P. Putnam's Sons
8548,Driving Force,Dick Francis,3.96,449221393,9780450000000.0,eng,384,2635,107,12/29/1993,Fawcett Books
8551,Flying Finish,Dick Francis,3.97,515125601,9780520000000.0,eng,276,2587,89,08/01/1999,Jove
8552,Bolt (Kit Fielding  #2),Dick Francis,4.04,425202887,9780430000000.0,eng,288,5043,121,05/03/2005,G.P. Putnam's Sons
8557,Come to Grief (Sid Halley  #3),Dick Francis,4.01,425207188,9780430000000.0,eng,384,3786,134,12/06/2005,G.P. Putnam's Sons
8559,Enquiry,Dick Francis,3.96,425197050,9780430000000.0,en-US,272,96,4,07/06/2004,G.P. Putnam's Sons
8568,Odds Against (Sid Halley  #1),Dick Francis,4.06,425198006,9780430000000.0,eng,288,3749,130,02/01/2005,G.P. Putnam's Sons
8572,Banker,Dick Francis,4.06,718132386,9780720000000.0,eng,288,3092,132,10/03/2000,Michael Joseph
8574,Whip Hand (Sid Halley  #2),Dick Francis,4.1,425203549,9780430000000.0,eng,304,5108,143,06/07/2005,G.P. Putnam's Sons
8581,A Jockey's Life: The Biography of Lester Piggott,Dick Francis,3.59,449213307,9780450000000.0,eng,468,82,2,07/12/1987,Fawcett
8582,The Dick Francis Treasury of Great Racing Stories,Dick Francis/John Welcome,3.79,449220494,9780450000000.0,eng,221,64,3,3/22/1992,Fawcett
8583,Come to Grief / Decider / Wild Horses,Dick Francis,4.09,399143068,9780400000000.0,eng,707,32,0,11/10/1997,Putnam Adult
8586,Odds Against,Dick Francis,4.06,515125512,9780520000000.0,eng,277,56,4,04/01/2000,Jove
8598,Eats  Shoots & Leaves: Why  Commas Really Do Make a Difference!,Lynne Truss/Bonnie Timmons,4.15,399244913,9780400000000.0,eng,32,1371,205,7/25/2006,G.P. Putnam's Sons Books for Young Readers
8601,Talk to the Hand: The Utter Bloody Rudeness of Everyday Life,Lynne Truss,3.33,1861979339,9781860000000.0,eng,214,204,30,10/24/2005,Profile Books
8614,The Spice and Herb Bible,Ian Hemphill/Kate Hemphill,4.25,778801462,9780780000000.0,eng,606,155,16,9/14/2006,Robert Rose
8627,Master and Commander (Aubrey/Maturin   #1),Patrick O'Brian,4.1,393325172,9780390000000.0,en-US,459,541,95,10/17/2003,W. W. Norton  Company
8628,The Making of Master and Commander: The Far Side of the World,Tom McGregor,3.97,393325539,9780390000000.0,eng,168,96,13,10/17/2003,W. W. Norton  Company
8630,The Ionian Mission (Aubrey/Maturin  #8),Patrick O'Brian/Simon Vance,4.32,786177837,9780790000000.0,eng,10,3659,80,10/01/2005,Blackstone Audiobooks
8632,Her Master and Commander (Just Ask Reeves  #1),Karen Hawkins,3.8,60584084,9780060000000.0,eng,372,799,31,2/28/2006,Avon
8643,Strange Sounds: Music  Technology & Culture,Timothy D. Taylor,3.77,415936845,9780420000000.0,eng,278,26,0,10/14/2001,Routledge
8645,Stanley Park,Timothy  Taylor,3.57,1582432902,9781580000000.0,eng,436,1818,89,9/25/2003,Counterpoint LLC
8646,Crow Lake,Mary Lawson,3.88,385337639,9780390000000.0,eng,324,14109,1591,1/13/2003,Dial Press Trade Paperback
8648,Xenocide (Ender's Saga  #3),Orson Scott Card/Piotr W. Cholewa,3.79,312861877,9780310000000.0,eng,592,119937,3139,7/15/1996,Tor Books
8656,The Life of Sir Arthur Conan Doyle,John Dickson Carr/Daniel Stashower,4.01,786712341,9780790000000.0,eng,320,148,6,11/11/2003,Da Capo Press
8660,The Lost World (TV Tie-in),Arthur Conan Doyle/Philip Gooden,3.92,142002720,9780140000000.0,eng,224,18,4,09/03/2002,Penguin Books
8661,Las aventuras de Sherlock Holmes,Arthur Conan Doyle/Javier Gomez Rea,4.33,8497643658,9788500000000.0,eng,192,116,11,04/01/2005,Edimat Libros
8675,Wild Ducks Flying Backward,Tom Robbins,3.55,553383531,9780550000000.0,eng,272,5768,262,8/29/2006,Bantam
8676,Unlimited Power: The New Science Of Personal Achievement,Anthony Robbins/Kenneth H. Blanchard/Jason Winters,4.23,684845776,9780680000000.0,eng,448,25135,420,12/22/1997,Free Press
8677,Robbins and Cotran Review of Pathology,Edward C. Klatt/Vinay   Kumar,4.33,721601944,9780720000000.0,en-US,432,55,6,11/12/2004,Saunders
8680,Fierce Invalids Home from Hot Climates,Tom Robbins,4.03,055337933X,9780550000000.0,en-US,445,24792,1139,5/29/2001,Bantam
8682,Jitterbug Perfume,Tom Robbins,4.25,1842430351,9781840000000.0,eng,342,54516,2721,04/09/2001,No Exit Press
8694,Life  the Universe and Everything (Hitchhiker's Guide to the Galaxy  #3),Douglas Adams,4.2,345418905,9780350000000.0,eng,224,166574,2192,4/26/2005,Del Rey
8698,So Long  and Thanks for All the Fish (Hitchhiker's Guide to the Galaxy  #4),Douglas Adams,4.09,330491237,9780330000000.0,eng,167,93997,1394,03/08/2002,Picador USA
8703,The Restaurant at the End of the Universe (The Hitchhiker's Guide to the Galaxy  #2),Douglas Adams/Martin  Freeman,4.22,739332074,9780740000000.0,eng,6,493,95,06/01/2006,Random House Audio Publishing Group
8704,Starship Titanic,Terry Jones/Marie-Catherine Caillava,3.6,2290053651,9782290000000.0,fre,189,8790,152,11/30/2001,J'ai Lu
8706,The Hitchhiker's Guide to the Galaxy (Hitchhiker's Guide to the Galaxy  #1),Douglas Adams,4.22,330491199,9780330000000.0,eng,180,3115,306,03/08/2002,Picador USA
8710,The Illustrated Hitchhiker's Guide To The Galaxy,Douglas Adams,4.35,517599244,9780520000000.0,eng,96,294,19,10/11/1994,Harmony
8712,Margaret Atwood: The Handmaid's Tale,Hélène Greven-Borde,4.27,2864603497,9782860000000.0,fre,108,2122,86,11/01/1998,Klincksieck
8713,Point to Point Navigation,Gore Vidal,3.7,385517211,9780390000000.0,eng,277,621,90,11/07/2006,Doubleday Books
8714,An Inconvenient Truth: The Planetary Emergency of Global Warming and What We Can Do About It,Al Gore,3.77,1594865671,9781590000000.0,eng,328,5783,433,5/24/2006,Rodale Books
8715,Palimpsest,Gore Vidal,3.99,140260897,9780140000000.0,en-US,448,1485,94,09/01/1996,Penguin Books
8716,Lincoln,Gore Vidal,4.21,375708766,9780380000000.0,eng,672,7326,430,2/15/2000,Vintage
8722,Burr,Gore Vidal,4.07,375708731,9780380000000.0,eng,430,7265,526,2/15/2000,Vintage
8725,Comfort Me with Apples: More Adventures at the Table,Ruth Reichl,4.04,375758739,9780380000000.0,eng,302,17939,947,04/09/2002,Random House Trade
8726,Comfort Me With Apples,Ruth Reichl,4.04,965193772,9780970000000.0,eng,299,15,3,01/01/2001,Random house
8737,The Last Temptation of Christ,Nikos Kazantzakis/Peter A. Bien,4.16,068485256X,9780680000000.0,eng,506,8966,454,03/01/1998,Simon  Schuster
8738,Her Last Temptation,Leslie Kelly,3.59,373692285,9780370000000.0,eng,207,112,5,5/31/2005,Harlequin Temptation
8741,The Last Temptation (Tony Hill & Carol Jordan  #3),Val McDermid,4.01,312936915,9780310000000.0,eng,496,4991,271,03/01/2005,St. Martin's Paperbacks
8742,The Last Temptation,Nikos Kazantzakis/Peter A. Bien,4.16,571178561,9780570000000.0,eng,589,114,14,11/10/1995,Faber  Faber
8744,Desert Dawn,Waris Dirie/Jeanne D'Haem,3.83,1844080080,9781840000000.0,en-GB,240,2011,84,06/01/2004,Virago UK
8745,Desert Flower,Waris Dirie/Cathleen Miller,4.15,688172377,9780690000000.0,eng,240,11981,735,3/15/2011,William Morrow Paperbacks
8746,Desert Children,Waris Dirie/Corinna Milborn/Sheelagh Alabaster,3.71,1844082520,9781840000000.0,en-US,240,509,25,11/01/2005,Virago UK
8750,L'Aube du désert,Waris Dirie/Jeanne d' Haem,3.83,2226135510,9782230000000.0,fre,288,1,0,11/01/2002,Albin Michel
8758,The Beach,Joanna Strange,3.84,582435676,9780580000000.0,eng,112,68,9,2/19/2001,Longman
8761,The Weekenders: Travels in the Heart of Africa,W.F. Deedes/Sue Ryan/Alex Garland/Tony Hawks/Andrew O'Hagan/Irvine Welsh/Giles Foden/Victoria Glendinning,3.16,91881803,9780090000000.0,eng,340,123,12,11/08/2001,Ebury Press
8765,I Feel Bad About My Neck: And Other Thoughts on Being a Woman,Nora Ephron,3.69,307264556,9780310000000.0,eng,137,38506,4719,08/01/2006,Knopf Publishing Group
8766,Feel the Fear . . . and Do It Anyway,Susan  Jeffers,4.03,345487427,9780350000000.0,eng,217,506,53,12/26/2006,Ballantine Books
8767,Touch & Feel: Animals Boxed Set,Jennifer Quasha/Deni Brown/Dawn Sirett,4.04,789488779,9780790000000.0,eng,36,24,3,2/15/2003,DK Publishing
8768,Today I Feel Silly  Other Moods That Make My Day,Jamie Lee Curtis/Laura Cornell,4.16,60245603,9780060000000.0,en-US,40,4171,518,7/31/2007,HarperCollins
8770,My First Word Touch and Feel,Anne Millard,3.79,789479311,9780790000000.0,eng,12,24,6,9/19/2001,DK Children
8771,When I Feel Angry,Nancy Cote/Cornelia Maude Spelman,3.98,807588970,9780810000000.0,eng,24,113,4,01/01/2000,Albert Whitman  Company
8773,Violet's House: A Giant Touch-and-Feel Book (Baby Einstein),Julie Aigner-Clark/Nadeem Zaidi,4.0,786818727,9780790000000.0,eng,10,39,7,11/01/2003,Disney Press
8787,The White Masai,Corinne Hofmann/Peter Millar,3.45,61131520,9780060000000.0,eng,320,4504,491,10/10/2006,Amistad
8797,The Story of a Seagull and the Cat Who Taught Her to Fly,Luis Sepúlveda/Chris Sheban/Margaret Sayers Peden,4.14,439401879,9780440000000.0,eng,128,5097,219,08/01/2006,Scholastic Paperbacks
8799,Ahora sabréis lo que es correr,Dave Eggers/María Victoria Alonso Blanco,3.63,8439710097,9788440000000.0,spa,400,3,1,3/31/2004,Mondadori
8801,The Burgess Bird Book for Children,Thornton W. Burgess/Louis Agassiz Fuertes,4.31,486428400,9780490000000.0,eng,260,1253,54,4/23/2003,Dover Publications
8804,The Burgess Animal Book for Children,Thornton W. Burgess/Louis Agassiz Fuertes,4.26,486437450,9780490000000.0,eng,275,478,30,09/10/2004,Dover Publications
8808,The Adventures of Jimmy Skunk,Thornton W. Burgess/Thea Kliros/Harrison Cady,4.14,486280233,9780490000000.0,eng,96,275,19,5/20/1994,Dover Publications
8809,The Wanting Seed,Anthony Burgess,3.71,393315088,9780390000000.0,en-US,288,5423,293,12/17/1996,W. W. Norton  Company
8810,A Clockwork Orange,Anthony Burgess/Blake Morrison,3.99,141182601,9780140000000.0,eng,159,5366,524,2/24/2000,Penguin Classics
8811,A Clockwork Orange,Anthony Burgess,3.99,014027409X,9780140000000.0,eng,149,1422,124,09/03/1998,Penguin Books
8813,Clockwork Orange,Anthony Burgess,3.99,345316413X,9783450000000.0,ger,235,65,7,03/01/2000,Heyne
8814,A Clockwork Orange (Stage Play),Anthony Burgess,3.84,413735907,9780410000000.0,eng,51,28,2,03/10/2017,Methuen Drama
8818,One Hand Clapping,Anthony Burgess,3.82,786706317,9780790000000.0,eng,224,1008,51,7/15/1999,Da Capo Press
8820,The Doctor is Sick,Anthony Burgess,3.62,393316025,9780390000000.0,eng,260,966,39,8/17/1997,W.W. Norton  Company
8822,Earthly Powers,Anthony Burgess,4.16,99468646,9780100000000.0,eng,649,2116,157,05/06/2004,Vintage Classics
8829,Past Mortem,Ben Elton,3.75,552771236,9780550000000.0,eng,460,4422,211,05/02/2005,Black Swan
8834,This Other Eden,Ben Elton,3.72,055277183X,9780550000000.0,eng,400,2292,69,07/01/2003,Black Swan
8840,Saint-Exupéry,Stacy Schiff/Antoine de Saint-Exupéry,4.02,805079130,9780810000000.0,eng,560,208,27,02/07/2006,Holt Paperbacks
8848,Le Petit Prince,Antoine de Saint-Exupéry,4.31,2070513289,9782070000000.0,fre,123,366,19,02/01/2004,Gallimard Jeunesse
8852,Macbeth,William Shakespeare,3.9,743477103,9780740000000.0,eng,249,592315,7791,07/01/2013,Simon  Schuster
8853,Macbeth,William Shakespeare/Alan Durband,3.9,812035712,9780810000000.0,eng,224,296,20,04/01/1985,Barrons Educational Series
8856,Death of a Scriptwriter (Hamish Macbeth  #14),M.C. Beaton,3.79,446606987,9780450000000.0,eng,198,3280,188,06/01/1999,Warner Books
8858,Death of a Poison Pen (Hamish Macbeth  #19),M.C. Beaton,3.83,446614890,9780450000000.0,en-US,227,3318,204,01/01/2005,Warner Books
8859,Death of an Outsider (Hamish Macbeth  #3),M.C. Beaton,3.83,446614726,9780450000000.0,eng,194,5757,321,07/01/2005,Warner Books
8860,Cliffs Notes on Shakespeare's Macbeth,Alex Went,3.59,764586025,9780760000000.0,en-US,112,25,2,5/30/2000,Cliffs Notes
8861,Death of an Addict (Hamish Macbeth  #15),M.C. Beaton,3.8,446608289,9780450000000.0,eng,214,3015,167,03/01/2001,Warner Books
8862,A Year in the Life of William Shakespeare: 1599,James Shapiro,4.09,60088745,9780060000000.0,eng,333,2330,252,6/13/2006,Harper Perennial
8865,Who Was William Shakespeare?,Celeste Davidson Mannis/John   O'Brien,4.05,448439042,9780450000000.0,eng,105,755,94,12/28/2006,Grosset & Dunlap
8875,Planet of the Apes,Pierre Boulle/Xan Fielding,3.95,517209489,9780520000000.0,en-US,192,88,14,06/06/2000,Wings
8879,Planet of the Apes: Colony,William T. Quick,3.62,60086211,9780060000000.0,eng,288,24,1,3/25/2003,HarperEntertainment
8880,Planet of the Apes  Volume 1: Old Gods,Ian Edginton,2.62,1569716684,9781570000000.0,eng,80,8,2,03/05/2002,Dark Horse Comics
8881,Planet of the Apes: The Fall,William T. Quick,2.92,60086203,9780060000000.0,eng,288,53,2,06/04/2002,HarperEntertainment
8889,Return to the Planet of the Apes #2: Escape from Terror Lagoon,William Arrow,3.0,345251679,9780350000000.0,eng,0,10,2,04/12/1976,Ballantine Books
8891,Return to the Planet of the Apes:  Visions from Nowhere,William Arrow,3.33,345251229,9780350000000.0,eng,183,12,1,06/01/1976,Ballantine Books
8895,Planet of the Apes: The Human War,Ian Edginton,3.28,184023380X,9781840000000.0,eng,72,1,1,7/27/2001,Titan Books Ltd
8901,Battle for the Planet of the Apes,David Gerrold/John William Corrington/Joyce Hooper Corrington,3.66,891901639,9780890000000.0,eng,158,461,10,06/01/1973,Award Books
8908,World War Z: An Oral History of the Zombie War,Max Brooks,4.01,307346609,9780310000000.0,eng,342,370331,20582,09/12/2006,Crown
8909,The War of the Worlds,H.G. Wells/Arthur C. Clarke,3.82,375759239,9780380000000.0,eng,192,196425,4549,03/12/2002,Modern Library
8910,The Second World War: A Complete History,Martin  Gilbert,4.2,805076239,9780810000000.0,eng,928,919,44,06/01/2004,Holt McDougal
8915,A Short History of World War II,James L. Stokesbury,3.95,688085873,9780690000000.0,eng,416,472,41,01/01/1980,William Morrow Paperbacks
8916,The Complete Science Fiction Treasury of H.G. Wells,H.G. Wells,4.14,517052253,9780520000000.0,eng,0,45,1,6/24/1987,Random House Value Publishing
8917,Best Science Fiction Stories of H. G. Wells,H.G. Wells,3.84,486215318,9780490000000.0,eng,320,60,4,11/24/2011,Dover Publications
8919,The Invisible Man,H.G. Wells,3.64,439574277,9780440000000.0,eng,208,333,23,09/01/2004,Scholastic Paperbacks
8921,The Hound of the Baskervilles,Arthur Conan Doyle/Anne Perry/Sidney Paget,4.11,451528018,9780450000000.0,eng,256,191128,4802,07/01/2001,Signet
8922,The Hound of the Baskervilles (Sherlock Holmes  #5),Arthur Conan Doyle/David Timson,4.11,9626343346,9789630000000.0,eng,5,135,20,3/30/2005,Naxos Audiobooks
8924,The Hound of the Baskervilles,Arthur Conan Doyle/Pam Smy,4.11,763630640,9780760000000.0,eng,272,66,7,8/22/2006,Candlewick Press
8927,Sherlock Holmes and the Case of the Hound of the Baskervilles (Great Illustrated Classics),Malvina G. Vogel/Arthur Conan Doyle,4.51,1596792507,9781600000000.0,en-US,237,33,1,01/01/2005,Abdo Publishing Company
8930,Jamie's Italy,Jamie Oliver/David Loftus/Chris Terry,4.01,1401301959,9781400000000.0,eng,320,7653,90,11/14/2006,Hachette Books
8931,Jamie's Dinners: The Essential Family Cookbook,Jamie Oliver/Marion Deuchars/David Loftus/Chris Terry,4.07,1401301940,9781400000000.0,eng,336,4296,51,11/03/2004,Hachette Books
8951,The Lake of Souls (Cirque du Freak #10),Darren Shan,4.18,316016659,9780320000000.0,eng,272,18536,350,09/06/2006,Little  Brown Books for Young Readers
8953,Freak the Mighty (Freak The Mighty  #1),Rodman Philbrick,4.01,439286069,9780440000000.0,eng,169,41589,4153,06/01/2001,Scholastic Paperbacks
8954,Word Freak: Heartbreak  Triumph  Genius  and Obsession in the World of Competitive Scrabble Players,Stefan Fatsis,3.82,142002267,9780140000000.0,eng,372,4748,597,7/30/2002,Penguin Books
8960,Vampire Mountain (Cirque Du Freak  #4),Darren Shan,4.16,316905747,9780320000000.0,eng,208,26461,587,09/01/2003,Little  Brown Young Readers
8964,Jesus Freaks: Stories of Those Who Stood for Jesus  the Ultimate Jesus Freaks (Jesus Freaks  #1),D.C. Talk/The Voice of the Martyrs,4.21,1577780728,9781580000000.0,eng,383,19217,271,1/15/1999,Albury Publishing
8967,Trials of Death (Cirque Du Freak  #5),Darren Shan,4.25,316000957,9780320000000.0,eng,202,24590,525,1/18/2008,Little  Brown Books for Young Readers
8969,Sister Freaks: Stories of Women Who Gave Up Everything for God,Rebecca St. James/Mary E. DeMuth/Tracey Lawrence/Elizabeth Jusino,4.12,446695602,9780450000000.0,en-US,320,492,32,10/05/2005,FaithWords
8971,Freaks of the Storm: From Flying Cows to Stealing Thunder: The World's Strangest True Weather Stories,Randy Cerveny,3.17,1560258012,9781560000000.0,eng,371,139,25,12/29/2006,Thunder's Mouth Press Books
8974,Freak Show: Presenting Human Oddities for Amusement and Profit,Robert Bogdan,3.88,226063127,9780230000000.0,eng,336,210,18,5/15/1990,University of Chicago Press
8976,Live Like a Jesus Freak: Spend Today as If It Were Your Last,D.C. Talk,4.06,1577782089,9781580000000.0,eng,184,591,29,11/01/2001,Bethany House Publishers
8978,Freaks!: How to Draw Fantastic Fantasy Creatures,Steve  Miller,4.06,823016625,9780820000000.0,eng,144,31,1,06/01/2004,Watson-Guptill Publications
8988,Jesus Freaks,Andre Duza,3.69,976249871,9780980000000.0,eng,390,55,7,4/20/2006,Deadite Press (Eraserhead Press)
8991,Category: Freaks  Vol. 1 (Category: Freaks  #1),Sakurako Gokurakuin/Lindsey Johnston,3.55,1588993000,9781590000000.0,eng,184,112,9,07/01/2005,Dr. Master Productions Inc.
9005,Hello Cruel World: 101 Alternatives to Suicide for Teens  Freaks  and Other Outlaws,Kate Bornstein/Sara Quin,4.03,1583227202,9781580000000.0,eng,234,1458,175,05/02/2006,Seven Stories Press
9006,Don't Get Too Comfortable: The Indignities of Coach Class  The Torments of Low Thread Count  The Never-Ending Quest for Artisanal Olive Oil  and Other First World Problems,David Rakoff,3.72,767916034,9780770000000.0,eng,222,8410,751,09/12/2006,Anchor Books
9010,I Hope They Serve Beer in Hell (Tucker Max  #1),Tucker Max,3.51,806527285,9780810000000.0,eng,288,49042,4140,01/01/2006,Citadel
9012,Holidays on Ice,David Sedaris,3.92,316779237,9780320000000.0,eng,134,3590,251,11/01/1998,Back Bay
9013,The Long Walk: The True Story of a Trek to Freedom,Sławomir Rawicz,4.21,1592289444,9781590000000.0,eng,256,11841,1766,04/01/2006,Lyons Press
9014,The Long Walk,Richard Bachman/Stephen King,4.11,451196716,9780450000000.0,eng,370,94303,4453,04/01/1999,Signet
9018,Long Walk to Freedom: Autobiography of Nelson Mandela,Nelson Mandela/Kofi Annan/Danny Glover,4.33,1586216880,9781590000000.0,eng,6,79,16,12/01/2004,Little  Brown & Company
9019,Navajo Long Walk,Nancy M. Armstrong/Paulette Livers-Lambert,3.45,1879373564,9781880000000.0,eng,128,56,11,07/01/1994,Roberts Rinehart Publishers
9030,The Devil in the White City: Murder  Magic and Madness at the Fair that Changed America,Erik Larson,3.99,553813536,9780550000000.0,eng,496,1278,207,04/01/2004,Bantam Press
9031,The Devil in the White City Murder  Magic  and Madness at the Fair That Changed America,Erik Larson,3.99,385602731,9780390000000.0,eng,447,283,37,03/03/2003,Doubleday
9051,The Historian's Craft: Reflections on the Nature and Uses of History and the Techniques and Methods of Those Who Write It.,Marc Bloch/Peter Putnam/Joseph Reese Strayer,4.05,394705122,9780390000000.0,eng,224,977,71,03/12/1964,Vintage
9058,Charles Dickens as a Legal Historian,William Holdsworth,4.0,1886363064,9781890000000.0,eng,166,4,2,02/01/2010,Lawbook Exchange  Ltd.
9060,The Progressive Historians: Turner  Beard  Parrington (Phoenix Book),Richard Hofstadter,3.89,226348180,9780230000000.0,eng,498,37,5,11/19/1979,University of Chicago Press
9066,What Did the Constitution Mean to Early Americans? (Historians at Work),Edward Countryman,3.29,312182627,9780310000000.0,eng,169,24,2,01/01/1999,Bedford Books
9072,The Historian,Elizabeth Kostova/Paul Michael/Justine Eyre,3.78,1415929017,9781420000000.0,eng,26,354,135,12/13/2005,Books on Tape
9073,See No Evil: The True Story of a Ground Soldier in the CIA's War on Terrorism,Robert B. Baer,3.93,140004684X,9781400000000.0,eng,320,4040,259,01/07/2003,Broadway Books
9082,In a Dry Season (Inspector Banks  #10),Peter Robinson,4.13,380794772,9780380000000.0,eng,480,6193,355,07/03/2000,Avon
9083,Plants and Landscapes for Summer-Dry Climates of the San Francisco Bay Region,East Bay M. U. D. Staff/Nora Harlow/Jill M. Singleton/Barrie D. Coate/Kristine Sandoe,4.3,975323113,9780980000000.0,en-US,336,47,8,05/01/2004,East Bay Municipal Utility District
9099,In Focus: National Geographic Greatest Portraits,Leah Bendavid-Val/National Geographic Society,4.24,079227363X,9780790000000.0,eng,504,819,31,10/01/2004,National Geographic Society
9100,Portrait Photographer's Handbook,Bill Hurter,3.62,1584281405,9781580000000.0,eng,128,16,1,9/28/2004,Amherst Media  Inc.
9106,Portrait in Death (In Death  #16),J.D. Robb,4.39,749934425,9780750000000.0,en-US,354,142,9,12/01/2005,Piatkus Books
9107,Posing for Portrait Photography: A Head-To-Toe Guide,Jeff   Smith,3.38,1584281340,9781580000000.0,eng,124,51,0,07/01/2004,Amherst Media
9118,Le Portrait de Dorian Gray,Oscar Wilde/Michel Etienne/Daniel Mortier,4.08,2266082655,9782270000000.0,fre,345,47,3,06/04/1998,Pocket
9121,The Portrait of Dorian Gray,Oscar Wilde/Elizabeth  Gray,4.08,1842161903,9781840000000.0,eng,51,85,2,10/10/1999,Express Publishing
9122,The Picture of Dorian Gray,Oscar Wilde/Donald L. Lawler,4.08,393955680,9780390000000.0,eng,462,171,13,01/01/1988,W. W. Norton & Company
9124,The Picture of Dorian Gray,Oscar Wilde/Michael Gillespie,4.08,393927547,9780390000000.0,en-US,517,663,52,08/01/2006,W. W. Norton & Company
9125,The Picture of Dorian Gray,Oscar Wilde/Joseph Bristow,4.08,192807293,9780190000000.0,eng,229,1089,78,11/01/2006,Oxford University Press  USA
9132,An Arab-Syrian Gentleman and Warrior in the Period of the Crusades: Memoirs of Usamah Ibn-Munqidh,Usamah ibn Munqidh/Philip Khuri Hitti/Richard W. Bulliet,3.95,231121253,9780230000000.0,eng,265,68,6,6/22/2000,Columbia University Press
9140,Technical Manual and Dictionary of Classical Ballet,Gail Grant,4.38,486218430,9780490000000.0,eng,176,393,27,06/01/1982,Dover Publications
9141,The Ballet Companion: A Dancer's Guide to the Technique  Traditions  and Joys of Ballet,Eliza Gaynor Minden,4.35,074326407X,9780740000000.0,eng,333,524,40,10/11/2005,Touchstone
9143,Ballet Class,John         Green/Caroline Denzler,3.77,486296385,9780490000000.0,en-US,48,13,0,07/02/1997,Dover Publications
9144,NYC Ballet Workout,Peter Martins/Paul Kolnik/Richard Corman/Howard  Kaplan,4.01,688152023,9780690000000.0,eng,208,238,10,1/13/1997,William Morrow Paperbacks
9148,The Illustrated Book of Ballet Stories (with CD),Barbara  Newman/Gill Tomblin/Darcey Bussell,4.18,789460971,9780790000000.0,eng,64,64,5,6/14/2000,DK Children
9149,Lara's Leap of Faith (The Royal Ballet School Diaries  #2),Alexandra Moss/Veronica Bennett,4.07,448435365,9780450000000.0,eng,144,155,14,1/13/2005,Grosset & Dunlap
9151,Isabelle's Perfect Performance (The Royal Ballet School Diaries  #3),Alexandra Moss,4.06,448437694,9780450000000.0,eng,144,130,4,05/05/2005,Grosset & Dunlap
9153,The Barefoot Book Of Ballet Stories,Jane Yolen,4.21,1841482641,9781840000000.0,eng,96,1,0,09/01/2004,Barefoot Books
9155,Boys or Ballet? (Royal Ballet School Diaries  #8),Alexandra Moss,3.92,448442515,9780450000000.0,eng,144,93,8,08/03/2006,Grosset & Dunlap
9156,101 Stories of the Great Ballets: The Scene-by-Scene Stories of the Most Popular Ballets  Old and New,George Balanchine/Francis Mason,4.0,385033982,9780390000000.0,en-US,560,203,12,5/20/1975,Anchor
9164,Ballet for Dummies,Scott Speck/Evelyn Cisneros,4.01,764525689,9780760000000.0,eng,348,78,6,10/03/2003,For Dummies
9171,Time for Ballet,Adèle Geras/Shelagh McNicholas/Adèle Geras,3.72,803729782,9780800000000.0,eng,32,69,13,3/30/2004,Dial
9184,Ballet in Western Culture: A History of Its Origins and Evolution,Carol Lee,3.53,415942578,9780420000000.0,eng,368,17,0,08/11/2002,Routledge
9186,Angelina's Ballet Class,Katharine Holabird/Helen Craig,3.88,044844013X,9780450000000.0,eng,24,73,1,1/19/2006,Grosset & Dunlap
9203,San Francisco Ballet at Seventy-Five,Janice Ross/Allan Ulrich/Brigitte Lefevre,4.33,811856984,9780810000000.0,en-US,188,6,1,11/12/2007,Chronicle Books
9216,Ballet and Modern Dance,Susan Au,3.74,500203520,9780500000000.0,eng,224,53,6,6/17/2002,Thames  Hudson
9223,Teaching Classical Ballet,John               White,4.47,081301395X,9780810000000.0,eng,200,15,1,4/20/1996,University Press of Florida
9236,Drat! We're Rats! (Scrambled Legs  #1),Jahnna N. Malcolm,3.69,970016409,9780970000000.0,eng,160,41,2,09/01/2000,Starcatcher Press
9245,Battle of the Bunheads (Scrambled Legs  #2),Jahnna N. Malcolm,3.5,970016417,9780970000000.0,eng,160,44,3,09/01/2000,Starcatcher Press
9253,Blubberina (Scrambled Legs  #5),Jahnna N. Malcolm,3.29,590428888,9780590000000.0,eng,135,13,0,10/01/1989,Scholastic
9262,The Books in My Life,Henry Miller,3.81,811201082,9780810000000.0,eng,327,709,29,1/17/1969,New Directions
9282,The Smoke Jumper,Nicholas Evans,4.06,440235162,9780440000000.0,eng,576,28769,694,7/30/2002,Dell
9288,La casa de los espíritus,Isabel Allende,4.23,9500717638,9789500000000.0,spa,456,198,18,09/01/2000,Sudamericana
9298,Last Chance Saloon,Marian Keyes,3.81,60086246,9780060000000.0,en-US,528,35784,686,5/27/2003,HarperCollins Publishers
9299,Anybody Out There? (Walsh Family  #4),Marian Keyes,3.92,60731303,9780060000000.0,eng,456,348,45,05/09/2006,William Morrow
9300,Watermelon (Walsh Family  #1),Marian Keyes,3.78,99489988,9780100000000.0,eng,520,65441,1233,07/07/2005,Arrow
9301,Rachel's Holiday (Walsh Family  #2),Marian Keyes,3.95,60090383,9780060000000.0,eng,578,55525,1223,1/23/2007,William Morrow Paperbacks
9303,Lucy Sullivan Is Getting Married,Marian Keyes,3.77,60090375,9780060000000.0,en-US,640,43077,690,1/23/2007,William Morrow Paperbacks
9304,Essays and Stories by Marian Keyes: Bags  Trips  Make-up Tips  Charity  Glory  and the Darker Side of the Story,Marian Keyes,3.82,60787031,9780060000000.0,eng,368,1625,42,09/06/2005,William Morrow Paperbacks
9305,No Dress Rehearsal,Marian Keyes,3.29,1902602323,9781900000000.0,eng,79,780,52,12/01/2000,New Island Books
9325,Fullmetal Alchemist  Vol. 10,Hiromu Arakawa/Akira Watanabe,4.6,1421504618,9781420000000.0,eng,200,8989,151,11/21/2006,VIZ Media LLC
9326,Fullmetal Alchemist  Vol. 5 (Fullmetal Alchemist  #5),Hiromu Arakawa/Akira Watanabe,4.56,1421501759,9781420000000.0,eng,200,12885,208,01/10/2006,VIZ Media LLC
9327,The House of the Spirits,Isabel Allende/Magda Botin,4.23,552995886,9780550000000.0,eng,491,1021,112,08/08/1986,Black Swan
9330,The House of the Spirits,Isabel Allende/Madga Bogin/Christopher Hitchens,4.23,1400043182,9781400000000.0,eng,488,270,49,4/19/2005,Everyman's Library
9337,"How To Meditate: An Anthology Of Talks On Meditation And ""Meditation: The Bridge Is Flowing But The River Is Not""",Frederick P. Lenz,0.0,1932206108,9781930000000.0,eng,228,0,0,01/01/2004,Frederick P. Lenz Foundation for American Buddhism
9338,Insights: Talks On The Nature Of Existence,Frederick P. Lenz,0.0,1932206086,9781930000000.0,eng,304,0,0,01/01/2003,Frederick P. Lenz Foundation for American Buddhism
9345,Palestine: Peace Not Apartheid,Jimmy Carter,3.82,743285026,9780740000000.0,eng,288,2864,349,11/30/2006,Simon & Schuster
9346,Our Endangered Values: America's Moral Crisis,Jimmy Carter,3.88,743285018,9780740000000.0,eng,224,3193,236,9/26/2006,Simon  Schuster
9347,An Hour Before Daylight: Memories of a Rural Boyhood,Jimmy Carter,3.91,743211995,9780740000000.0,eng,288,1935,229,10/16/2001,Simon  Schuster
9349,The Real Jimmy Carter: How Our Worst Ex-President Undermines American Foreign Policy  Coddles Dictators and Created the Party of Clinton and Kerry,Steven F. Hayward,3.32,895260905,9780900000000.0,eng,272,33,4,3/19/2004,Regnery Publishing
9350,The Virtues of Aging,Jimmy Carter,3.55,345425928,9780350000000.0,eng,160,221,36,10/13/1998,Ballantine Books
9351,Living Faith,Jimmy Carter,3.8,812930347,9780810000000.0,eng,288,481,33,9/14/1998,Three Rivers Press (CA)
9352,Sharing Good Times,Jimmy Carter,3.47,743270681,9780740000000.0,eng,192,238,35,11/07/2005,Simon  Schuster
9355,Until I Find You,John Irving,3.63,345479726,9780350000000.0,eng,820,22547,1371,5/30/2006,Ballantine Books
9361,Atlas Shrugged,Ayn Rand,3.69,525948929,9780530000000.0,eng,1176,941,136,4/21/2005,Dutton
9362,Atlas Shrugged,Ayn Rand/Leonard Peikoff,3.69,452286360,9780450000000.0,eng,1192,340,51,12/28/2004,NAL
9363,Atlas Shrugged,Ayn Rand,3.69,451171926,9780450000000.0,eng,1074,912,128,03/03/1992,Signet
9365,Atlas Shrugged,Ayn Rand,3.69,394415760,9780390000000.0,en-US,1168,86,12,10/12/1957,Random House
9370,Skinny Legs and All,Tom Robbins,4.04,1842430343,9781840000000.0,eng,422,35517,1014,03/10/2002,No Exit Press
9376,Fannie Flagg's Original Whistle Stop Cafe Cookbook,Fannie Flagg,4.19,449910288,9780450000000.0,eng,224,911,42,09/11/1995,Ballantine Books
9386,Free Play: Improvisation in Life and Art,Stephen Nachmanovitch,4.14,874776317,9780870000000.0,eng,224,1675,124,05/01/1991,Tarcherperigee
9409,The Sari Shop,Rupa Bajwa,3.44,039332690X,9780390000000.0,eng,224,1858,153,6/17/2005,W. W. Norton  Company
9416,Confessions of a Shopaholic (Shopaholic  #1),Sophie Kinsella,3.64,440241413,9780440000000.0,eng,368,603675,10079,11/04/2003,Dell Publishing Company
9417,Shopaholic and Sister (Shopaholic  #4),Sophie Kinsella,3.66,044024191X,9780440000000.0,eng,388,76205,1867,11/28/2006,Dell Publishing Company
9418,Shopaholic Takes Manhattan (Shopaholic  #2),Sophie Kinsella,3.76,440241812,9780440000000.0,eng,387,100796,2382,12/27/2004,Dell Publishing Company
9419,Shopaholic Ties the Knot (Shopaholic  #3),Sophie Kinsella,3.78,440241898,9780440000000.0,eng,407,94917,2089,8/31/2004,Dell Publishing Company
9420,Shopaholic & Baby (Shopaholic  #5),Sophie Kinsella,3.79,385338708,9780390000000.0,eng,359,110706,2070,2/27/2007,Dial Press
9423,The Secret Dreamworld of a Shopaholic (Shopaholic  #1),Sophie Kinsella,3.64,552998877,9780550000000.0,eng,320,2214,249,9/14/2000,Transworld Publishers
9427,The Story of Chicago May,Nuala O'Faolain,3.24,1573223204,9781570000000.0,en-US,307,344,59,10/01/2005,Riverhead Books
9431,Chicago Stories,James T. Farrell/Charles Fanning,3.89,252019814,9780250000000.0,en-US,296,38,5,06/01/1998,University of Illinois Press
9435,Chicago Stories: Tales of the City,John  Miller/Stuart Dybek,3.6,811839745,9780810000000.0,eng,224,49,9,02/01/2003,Chronicle Books
9438,The Basic Works of Aristotle,Aristotle/Richard Peter McKeon/C.D.C. Reeve,4.24,375757996,9780380000000.0,eng,1487,2174,51,8/19/2009,Modern Library/Random House (NY)
9439,Fear and Trembling and The Sickness Unto Death,Søren Kierkegaard/Walter Lowrie,4.1,691019622,9780690000000.0,eng,420,519,36,11/21/1968,Princeton University Press
9442,Selections from Don Quixote - Selecciones de Don Quijote de la Mancha,Miguel de Cervantes Saavedra/Stanley Appelbaum,3.34,486406660,9780490000000.0,mul,288,26,0,12/23/1998,Dover Publications
9444,The Complete Collected Poems,Maya Angelou,4.42,067942895X,9780680000000.0,eng,273,7983,245,9/13/1994,Random House
9454,Hegel's Phenomenology of Spirit,Georg Wilhelm Friedrich Hegel/A.V. Miller/John Niemeyer Findlay,3.93,198245971,9780200000000.0,eng,640,13920,248,11/30/1976,Oxford University Press
9456,Preface to the Phenomenology of Spirit,Georg Wilhelm Friedrich Hegel/Yirmiyahu Yovel,4.06,691120528,9780690000000.0,eng,223,110,16,1/17/2005,Princeton University Press
9457,Hegel's Phenomenology of Spirit,Martin Heidegger/Kenneth Maly/Parvis Emad,4.18,253209102,9780250000000.0,eng,176,117,3,08/01/1988,Indiana University Press
9462,Plato: Complete Works,Plato/John M. Cooper/Benjamin Jowett/Dorothea Frede/Alexander Nehamas/Paul Woodruff/Anthony Kenny/Rosamond Kent Sprague/Nicholas D. Smith/Karen Bell/D.S. Hutchinson/Donald J. Zeyl/Francisco J. González/Diskin Clay/Malcolm Schofield/Glenn R. Morrow/Jonathan Barnes/G.M.A. Grube/Brad Inwood/Mark Joyal/Jackson P. Hershbell/J.M. Edmonds/C.D.C. Reeve/Myles Burnyeat/Nicholas P. White/Mary Louise Gill/C.J. Rowe/Stanley Lombardo/David Gallop/Jeffrey Mitscherling/Richard D. McKiharan Jr./Andrew S. Becker/Mark Reuter/M.J. Levett/Paul        Ryan,4.35,872203492,9780870000000.0,eng,1838,9284,133,05/01/1997,Hackett Publishing Company  Inc.
9464,A Guided Tour of 5 Works by Plato: Euthyphro/Apology/Crito/Phaedo/Cave,Christopher Biffle/Plato,4.33,1559343567,9781560000000.0,eng,125,9,1,12/28/1995,Mayfield Publishing Company (NY)
9475,Midnight for Charlie Bone (The Children of the Red King  #1),Jenny Nimmo,3.82,439474299,9780440000000.0,eng,401,36853,1725,03/01/2003,Orchard Books
9479,The Midnight Mystery (The Boxcar Children  #95),Gertrude Chandler Warner,3.9,080755538X,9780810000000.0,eng,128,312,9,01/01/2003,Albert Whitman  Company
9484,Within a Budding Grove (In Search of Lost Time  #2),Marcel Proust/C.K. Scott Moncrieff/Terence Kilmartin/D.J. Enright,4.4,375752196,9780380000000.0,eng,749,1032,162,11/03/1998,Modern Library
9486,Exclusion & Embrace: A Theological Exploration of Identity  Otherness  and Reconciliation,Miroslav Volf,4.27,687002826,9780690000000.0,eng,306,1967,131,12/01/1996,Abingdon Press
9487,A Time to Embrace (Timeless Love  #2),Karen Kingsbury,4.35,1595542329,9781600000000.0,eng,400,3728,141,10/29/2006,Thomas Nelson
9489,Devil's Embrace (Devil  #1),Catherine Coulter,3.8,451200268,9780450000000.0,eng,397,3381,116,05/01/2000,Signet
9490,The Book of Embraces,Eduardo Galeano/Cedric Belfrage/Mark Schafer,4.3,393308553,9780390000000.0,eng,288,2221,165,4/17/1992,W.W. Norton & Company
9491,Experiencing Father's Embrace,Jack Frost,4.33,768423481,9780770000000.0,eng,256,545,44,04/01/2006,Destiny Image Incorporated
9493,A Time to Embrace: Same-Gender Relationships in Religion  Law  and Politics,William Stacy Johnson,4.21,080282966X,9780800000000.0,en-US,330,44,10,11/01/2006,William B. Eerdmans Publishing Company
9497,Memory's Embrace (Corbins  #3),Linda Lael Miller,4.19,671737694,9780670000000.0,eng,320,407,18,06/01/1991,Pocket Books
9498,Beauty: The Invisible Embrace,John O'Donohue,4.47,60957263,9780060000000.0,en-US,261,678,78,03/01/2005,Harper Perennial
9501,Embrace,Mark Behr,3.8,349113009,9780350000000.0,eng,726,72,5,02/01/2001,Little  Brown Book Group
9503,Saving Fish from Drowning,Amy Tan,3.43,034546401X,9780350000000.0,eng,472,26762,2524,9/26/2006,Ballantine Books
9506,Un Lugar Llamado Nada,Amy Tan/Claudia Conde,3.43,840806701X,9788410000000.0,spa,475,98,6,8/30/2006,Planeta Publishing
9507,Virginia Woolf: An Inner Life,Julia Briggs,4.15,156032295,9780160000000.0,eng,544,635,21,11/06/2006,Mariner Books
9512,Measure for Measure,William Shakespeare,3.68,014101380X,9780140000000.0,eng,224,58,5,10/27/2005,Penguin Group(CA)
9515,Henry Adams and the Making of America,Garry Wills,3.79,618134301,9780620000000.0,en-US,480,95,20,9/14/2005,Houghton Mifflin Harcourt
9516,Persepolis: The Story of a Childhood (Persepolis  #1),Marjane Satrapi/Mattias Ripa,4.25,037571457X,9780380000000.0,eng,153,144121,8131,06/01/2004,Pantheon
9517,Persepolis 2: The Story of a Return (Persepolis  #2),Marjane Satrapi/Anjali Singh,4.24,375714669,9780380000000.0,eng,187,57309,2308,08/02/2005,Pantheon Books
9525,Chicken with Plums,Marjane Satrapi,3.86,375424156,9780380000000.0,en-US,84,8539,667,10/03/2006,Pantheon Books
9526,Embroideries,Marjane Satrapi/Anjali Singh,3.86,375714677,9780380000000.0,eng,144,14654,1121,4/18/2006,Pantheon
9529,The Shadow of the Wind (The Cemetery of Forgotten Books  #1),Carlos Ruiz Zafón/Lucia Graves,4.26,753820250,9780750000000.0,eng,520,6726,1018,10/05/2005,Phoenix Press
9531,Peter and the Shadow Thieves (Peter and the Starcatchers  #2),Dave Barry/Ridley Pearson/Greg Call,4.16,078683787X,9780790000000.0,eng,557,32307,1224,7/15/2006,Hyperion Books
9532,Ender's Shadow (The Shadow Series  #1),Orson Scott Card,4.31,765342405,9780770000000.0,eng,469,133114,4243,5/19/2002,Starscape
9534,Shadow of the Hegemon (The Shadow Series  #2),Orson Scott Card,3.95,812565959,9780810000000.0,eng,451,65344,1419,12/09/2001,Tor Books
9538,Shadow Dance (Buchanan-Renard  #6),Julie Garwood,4.0,345453867,9780350000000.0,eng,336,11205,431,12/26/2006,Ballantine Books
9539,The Shadow Rising (The Wheel of Time  #4),Robert Jordan,4.24,812513738,9780810000000.0,eng,1007,148074,2471,10/15/1993,Tom Doherty Tor Fantasy
9540,The Shadow Party: How George Soros  Hillary Clinton  and Sixties Radicals Seized Control of the Democratic Party,David Horowitz/Richard Poe,4.2,1595550445,9781600000000.0,en-US,304,227,32,08/06/2006,Thomas Nelson
9542,Cast in Shadow (Chronicles of Elantra  #1),Michelle Sagara/Michelle Sagara West,3.79,373802544,9780370000000.0,eng,507,14477,868,07/01/2005,Luna
9544,Owning Your Own Shadow: Understanding the Dark Side of the Psyche,Robert A. Johnson,4.04,62507540,9780060000000.0,eng,118,2685,182,06/09/2009,HarperOne
9550,In Praise of Shadows,Jun'ichirō Tanizaki/Thomas J. Harper/Edward G. Seidensticker,4.09,99283573,9780100000000.0,eng,73,467,32,05/03/2001,Vintage Classics
9551,Shadow of the Almighty: The Life and Testament of Jim Elliot,Elisabeth Elliot,4.4,006062213X,9780060000000.0,eng,272,6946,182,9/29/2009,HarperOne
9553,Shadow Game (GhostWalkers  #1),Christine Feehan,4.12,515135968,9780520000000.0,eng,323,15827,616,8/26/2003,Berkley Books
9556,The Elephant Vanishes,Haruki Murakami/Alfred Birnbaum/Jay Rubin,3.86,99448750,9780100000000.0,eng,327,1299,128,12/01/2003,Vintage Books
9557,Sputnik Sweetheart,Haruki Murakami/Philip Gabriel,3.83,99448475,9780100000000.0,eng,229,78434,3464,10/03/2002,Vintage
9558,Back to Wando Passo,David     Payne,3.25,60851899,9780060000000.0,en-US,448,202,26,5/23/2006,William Morrow
9566,Still Life with Woodpecker,Tom Robbins,4.05,184243022X,9781840000000.0,eng,288,63155,2286,04/09/2001,No Exit Press
9567,Half Asleep in Frog Pajamas,Tom Robbins,3.74,184243036X,9781840000000.0,eng,389,18417,542,01/05/2002,No Exit Press
9571,Fierce Invalids Home from Hot Climates,Tom Robbins,4.03,553107755,9780550000000.0,en-US,415,335,38,05/02/2000,Bantam Books
9577,PanAroma: Jitterbug Perfume,Tom Robbins/Nikolaus Hansen,4.25,3499156717,9783500000000.0,ger,556,59,4,12/05/1985,Rowohlt Verlag
9582,Ein Platz für Hot Dogs: Another Roadside Attraction,Tom Robbins/Pociao/Roberto de Hollanda,3.98,3499154293,9783500000000.0,ger,376,3,0,06/01/1997,Rowohlt Verlag
9585,Halbschlaf im Froschpyjama,Tom Robbins/Pociao/Walter Hartmann,3.74,3499224429,9783500000000.0,ger,459,22,2,11/02/1998,Rowohlt Verlag
9590,God Bless You  Mr. Rosewater,Kurt Vonnegut Jr.,3.96,385333471,9780390000000.0,eng,288,40599,1127,09/08/1998,Dial Press
9591,Wampeters  Foma and Granfalloons,Kurt Vonnegut Jr.,3.79,385333811,9780390000000.0,en-US,318,7213,139,01/12/1999,Dial Press Trade Paperback
9592,Mother Night,Kurt Vonnegut Jr.,4.22,385334141,9780390000000.0,eng,282,64096,2316,05/11/1999,Dial Press
9593,Galápagos,Kurt Vonnegut Jr.,3.88,385333870,9780390000000.0,eng,324,55850,1990,01/12/1999,Dial Press
9594,Timequake,Kurt Vonnegut Jr.,3.72,99267543,9780100000000.0,eng,219,23527,822,08/06/1998,Vintage Classics
9595,Slapstick  or Lonesome No More!,Kurt Vonnegut Jr.,3.87,385334230,9780390000000.0,eng,288,31084,1062,05/11/1999,Dial Press
9599,Like Shaking Hands with God: A Conversation About Writing,Kurt Vonnegut Jr./Lee Stringer,3.72,743410580,9780740000000.0,en-US,80,866,52,12/01/2000,Washington Square Press
9602,Palm Sunday: An Autobiographical Collage,Kurt Vonnegut Jr.,3.77,385334265,9780390000000.0,eng,300,5135,192,05/11/1999,Dial Press
9603,Sun  Moon  Star,Kurt Vonnegut Jr./Ivan Chermayeff,3.78,60263199,9780060000000.0,eng,62,420,40,01/01/1980,HarperCollins Publishers
9605,Cat's Cradle/God Bless You Mr. Rosewater/Breakfast of Champions,Kurt Vonnegut Jr.,4.36,051712436X,9780520000000.0,eng,527,914,8,5/28/1995,Wings Books
9619,Bradbury Stories: 100 of His Most Celebrated Tales,Ray Bradbury,4.41,60544880,9780060000000.0,eng,912,5161,184,04/05/2005,William Morrow Paperbacks
9620,Farewell Summer (Green Town  #3),Ray Bradbury,3.72,61131547,9780060000000.0,eng,211,3405,338,10/17/2006,William Morrow
9622,Classic Stories 1: The Golden Apples of the Sun/R is for Rocket,Ray Bradbury,4.21,553286374,9780550000000.0,eng,348,847,60,04/07/1990,Bantam Books
9623,Dandelion Wine,Ray Bradbury,4.09,380977265,9780380000000.0,en-US,267,676,119,02/01/1999,William Morrow
9626,The Homecoming,Ray Bradbury/Dave McKean,4.08,60859628,9780060000000.0,en-US,56,806,98,8/30/2006,Collins Design
9629,Zen in the Art of Writing: Essays on Creativity,Ray Bradbury,4.1,1877741094,9781880000000.0,en-US,176,909,135,08/01/1993,Joshua Odell Editions
9632,Switch on the Night,Ray Bradbury/Leo Dillon/Diane Dillon,4.13,553112449,9780550000000.0,en-US,40,198,12,9/14/2004,Dragonfly Books
9633,The Best of Ray Bradbury,Ray Bradbury/Dave Gibbons/Richard Corben/Mike Mignola,4.07,743474767,9780740000000.0,eng,162,308,28,6/21/2012,iBooks
9635,The Bradbury Chronicles: The Life of Ray Bradbury,Sam Weller,4.24,60545844,9780060000000.0,en-US,384,372,45,2/21/2006,Harper Perennial
9638,The Cat's Pajamas,Ray Bradbury,3.73,60777338,9780060000000.0,eng,234,1370,122,7/26/2005,William Morrow Paperbacks
9639,Essays,George Orwell/John Carey,4.33,375415033,9780380000000.0,eng,1369,607,48,10/15/2002,Everyman's Library Classics
9644,Why I Write,George Orwell,4.03,143036351,9780140000000.0,eng,120,6389,541,09/06/2005,Penguin Books
9646,Homage to Catalonia,George Orwell/Lionel Trilling,4.14,156421178,9780160000000.0,eng,232,30358,1629,10/22/1980,Harcourt  Inc.(Harvest Book)
9648,Keep the Aspidistra Flying,George Orwell,3.88,141183721,9780140000000.0,eng,277,11970,688,10/26/2000,Penguin Books Ltd
9652,The Orwell Reader: Fiction  Essays  and Reportage,George Orwell/Richard H. Rovere,4.38,156701766,9780160000000.0,eng,480,274,22,03/08/1961,Mariner Books
9653,If on a Winter's Night a Traveler,Italo Calvino/William Weaver/Peter Washington,4.05,679420258,9780680000000.0,eng,254,1444,180,06/01/1993,Everyman's Library
9657,Parachutes & Kisses,Erica Jong,3.46,1585425001,9781590000000.0,eng,405,577,26,08/03/2006,Tarcherperigee
9659,Fear of Fifty: A Midlife Memoir,Erica Jong,3.55,1585425249,9781590000000.0,eng,329,455,31,09/07/2006,Tarcherperigee
9660,How to Save Your Own Life: An Isadora Wing Novel,Erica Jong/Anthony Burgess,3.6,1585424994,9781590000000.0,eng,313,1316,80,07/06/2006,Tarcherperigee
9666,Any Woman's Blues,Erica Jong,3.51,1585425494,9781590000000.0,eng,362,425,28,01/01/2007,Tarcherperigee
9669,What Do Women Want?: Essays by Erica Jong,Erica Jong,3.69,1585425540,9781590000000.0,eng,309,164,9,05/10/2007,Tarcherperigee
9677,Fanny: Being the True History of the Adventures of Fanny Hackabout-Jones,Erica Jong,3.79,393324354,9780390000000.0,eng,512,971,71,5/17/2003,W. W. Norton  Company
9681,Serenissima aka Shylock's Daughter,Erica Jong,3.29,440201047,9780440000000.0,eng,384,282,17,03/01/1988,Dell
9696,Dogeaters,Jessica Hagedorn,3.59,1559362154,9781560000000.0,eng,96,90,8,12/01/2002,Theatre Communications Group
9704,Crescent and Star: Turkey Between Two Worlds,Stephen Kinzer,3.84,374528667,9780370000000.0,eng,272,797,116,09/04/2002,Farrar  Straus and Giroux
9712,Love in the Time of Cholera,Gabriel García Márquez/Edith Grossman,3.91,140003468X,9781400000000.0,eng,348,324487,13070,10/05/2003,Vintage International
9713,El amor en los tiempos del cólera,Gabriel García Márquez,3.91,9500703203,9789500000000.0,spa,451,663,46,01/01/1992,Sudamericana
9714,Gabriel Garcia Marquez's Love in the Time of Cholera: A Reader's Guide,Thomas Fahy,4.24,826414753,9780830000000.0,eng,188,1953,84,04/10/2003,Bloomsbury Academic
9717,The Unbearable Lightness of Being,Milan Kundera/Michael Henry Heim,4.1,571224385,9780570000000.0,eng,320,248686,8251,10/27/2009,Harper Perennial
9723,Obasan,Joy Kogawa,3.64,385468865,9780390000000.0,eng,320,5407,368,12/27/1993,Anchor Books
9735,Ender's Game Boxed Set: Ender's Game  Ender's Shadow  Shadow of the Hegemon,Orson Scott Card,4.49,765344955,9780770000000.0,en-US,1296,1795,60,9/16/2002,Tor Books
9739,Speaker for the Dead (Ender's Saga  #2),Orson Scott Card,4.07,812532570,9780810000000.0,eng,432,317,31,2/15/1987,Tor Books
9742,The Audacity of Hope: Thoughts on Reclaiming the American Dream,Barack Obama,3.75,307237699,9780310000000.0,eng,375,127324,4496,10/17/2006,Crown
9746,Mao: The Unknown Story,Jung Chang/Jon Halliday,3.83,679746323,9780680000000.0,eng,801,8035,640,11/14/2006,Anchor Books
9754,The Art of War,Mao Zedong,4.2,097607267X,9780980000000.0,eng,328,62,0,04/01/2005,El Paso Norte Press
9755,Oracle Bones: A Journey Between China's Past and Present,Peter Hessler,4.18,60826584,9780060000000.0,eng,512,5247,491,4/25/2006,Harper
9763,Wild Swans: Three Daughters of China,Jung Chang,4.26,7176155,9780010000000.0,eng,666,1832,214,04/05/2004,Harper Perennial
9767,The Wild Swans,Peg Kerr,3.67,446608475,9780450000000.0,eng,464,352,37,11/01/2001,Aspect
9784,Women in Love,D.H. Lawrence,3.67,486424588,9780490000000.0,eng,416,25059,702,1/15/2003,Dover Publications
9786,Women Who Love Too Much,Robin Norwood,4.02,99474123,9780100000000.0,eng,314,267,32,09/02/2004,Arrow
9787,Men Who Hate Women and the Women Who Love Them: When Loving Hurts and You Don't Know Why,Susan Forward/Joan Torres,4.09,553381415,9780550000000.0,eng,304,1570,64,01/02/2002,Bantam
9789,A Walk in the Woods: Rediscovering America on the Appalachian Trail,Bill Bryson,4.06,767902521,9780770000000.0,eng,284,4315,532,05/04/1999,Broadway Books
9791,A Walk in the Woods: Rediscovering America on the Appalachian Trail,Bill Bryson,4.06,307279464,9780310000000.0,eng,397,308840,14993,12/26/2006,Anchor Books
9796,A Walk in the Woods (Stickerific),Walt Disney Company,3.5,736411038,9780740000000.0,eng,16,8,0,1/23/2001,Golden/Disney
9799,The Fortress of Solitude,Jonathan Lethem,3.88,571219357,9780570000000.0,eng,528,16714,1010,01/06/2005,Faber and Faber
9802,Fortress of Solitude / The Devil Genghis,Kenneth Robeson/Lester Dent,3.99,1932806490,9781930000000.0,eng,128,95,11,12/01/2006,Nostalgia Ventures
9806,Our Ancestors: The Cloven Viscount  The Baron in the Trees  The Non-Existent Knight,Italo Calvino,4.27,330261568,9780330000000.0,eng,393,958,57,12/31/1980,Picador
9811,Difficult Loves,Italo Calvino,3.94,156260557,9780160000000.0,en-US,300,4084,205,9/23/1985,Mariner Books
9813,The Nonexistent Knight & The Cloven Viscount,Italo Calvino,4.03,156659751,9780160000000.0,en-US,272,4701,181,3/28/1977,Mariner Books
9815,The View from Castle Rock,Alice Munro,3.68,1400042828,9781400000000.0,eng,349,3459,423,11/07/2006,Alfred A. Knopf
9816,The View From Castle Rock,Alice Munro,3.68,771065264,9780770000000.0,eng,368,53,12,11/19/2008,McClelland and Stewart
9820,Crossing to Safety,Wallace Stegner/Terry Tempest Williams/T.H. Watkins,4.16,037575931X,9780380000000.0,eng,368,31394,4262,04/09/2002,Modern Library
9826,Oh Rats! The Story of Rats and People,Albert Marrin/C.B. Mordan,3.77,525477624,9780530000000.0,eng,48,432,90,8/17/2006,Dutton Books for Young Readers
9827,King Rat (Asian Saga  #4),James Clavell,4.14,385333765,9780390000000.0,eng,368,28103,643,5/19/2009,Delta
9828,Rat Bastards: The Life and Times of South Boston's Most Honorable Irish Mobster,"John ""Red"" Shea/Mark Wahlberg",3.51,60837160,9780060000000.0,eng,304,34,3,3/14/2006,William Morrow
9831,Julius Knipl  Real Estate Photographer: The Beauty Supply District,Ben Katchor,4.35,375700986,9780380000000.0,eng,120,174,16,08/12/2003,Pantheon
9832,Blind Willow  Sleeping Woman: 24 Stories,Haruki Murakami/Ellen Archer/Patrick Lawlor,3.84,1400102952,9781400000000.0,eng,0,28,3,10/15/2006,Tantor Media
9833,Blind Willow  Sleeping Woman,Haruki Murakami/Philip Gabriel/Jay Rubin,3.84,1400044618,9781400000000.0,eng,333,22847,1280,8/29/2006,Alfred A. Knopf
9838,The Bookseller of Kabul,Åsne Seierstad/Ingrid Christopherson,3.77,316159417,9780320000000.0,en-US,288,34941,2473,10/26/2004,Little  Brown and Company
9840,Jasmine and Stars: Reading More Than Lolita in Tehran,Fatemeh Keshavarz,3.63,807831093,9780810000000.0,en-US,174,258,46,03/05/2007,University of North Carolina Press
9841,Making Globalization Work,Joseph E. Stiglitz,3.85,393061221,9780390000000.0,eng,384,1718,88,9/17/2006,W. W. Norton  Company
9844,Prep : A Novel,Curtis Sittenfeld,3.38,081297235X,9780810000000.0,eng,420,55304,4450,11/22/2005,Random House Trade Paperbacks
9862,Tan fuerte  tan cerca,Jonathan Safran Foer,3.98,8426415164,9788430000000.0,eng,457,47,1,9/30/2005,Lumen
9863,The Wizard of Oz,Salman Rushdie/Richard Maltby/Melvyn Bragg,4.0,851703003,9780850000000.0,eng,69,749,54,5/27/1992,British Film Institute
9864,The Ground Beneath Her Feet,Salman Rushdie,3.79,312254997,9780310000000.0,eng,576,9445,476,3/16/2000,Picador
9865,The Moor's Last Sigh,Salman Rushdie,3.93,009959241X,9780100000000.0,eng,434,10414,445,07/04/1996,Vintage
9866,Los Versos Satánicos,Salman Rushdie,3.71,8497598369,9788500000000.0,spa,679,1,0,8/30/2003,Debolsillo
9873,Dangling Man,Saul Bellow/Salman Rushdie,3.54,140189351,9780140000000.0,eng,191,1718,103,10/01/1996,Penguin Classics
9875,Grimus,Salman Rushdie,3.41,812969995,9780810000000.0,eng,320,2560,150,9/30/2003,Random House Trade
9888,Breakfast at Tiffany's,Truman Capote,3.89,140274111,9780140000000.0,eng,157,2107,238,09/03/1998,Penguin Books
9897,Jesus' Son,Denis Johnson,4.09,041377242X,9780410000000.0,eng,192,321,30,1/23/2007,Methuen Publishing
9903,Angels,Denis Johnson,3.72,99440830,9780100000000.0,eng,209,4263,227,03/06/2003,Vintage
9904,The Throne of the Third Heaven of the Nations Millennium General Assembly: Poems Collected and New,Denis Johnson,4.15,60926961,9780060000000.0,eng,225,562,33,01/01/1996,Harper Perennial
9908,The Stars at Noon,Denis Johnson,3.58,60976101,9780060000000.0,eng,192,597,40,5/30/2000,Harper Perennial
9912,The Rules of Attraction,Bret Easton Ellis,3.68,067978148X,9780680000000.0,eng,283,35311,974,6/30/1998,Vintage Contemporaries
9913,Glamorama,Bret Easton Ellis,3.46,375703845,9780380000000.0,eng,546,18181,669,3/21/2000,Vintage
9915,Less Than Zero,Bret Easton Ellis,3.58,679781498,9780680000000.0,eng,208,55900,2543,06/09/2010,Vintage Books
9919,A Christmas Memory,Truman Capote,4.24,375837892,9780380000000.0,eng,48,9982,849,10/10/2006,Knopf Books for Young Readers
9920,In Cold Blood,Truman Capote/Bob Colacello,4.07,375507906,9780380000000.0,eng,343,3266,332,03/05/2002,Modern Library
9921,The Southern Haunting of Truman Capote,James C.    Simmons/Marie Rudisill,3.9,1581821360,9781580000000.0,eng,135,29,3,10/01/2000,Cumberland House Publishing
9922,Summer Crossing,Truman Capote,3.44,812975936,9780810000000.0,eng,142,5274,428,9/28/2006,Modern Library
9923,Answered Prayers,Truman Capote,3.49,141185937,9780140000000.0,eng,192,102,17,10/25/2001,Penguin Classics
9924,The Grass Harp  Including A Tree of Night and Other Stories,Truman Capote,4.01,679745572,9780680000000.0,eng,272,4533,188,9/28/1993,Vintage
9929,From Babylon to Timbuktu: A History of the Ancient Black Races Including the Black Hebrews,Rudolph R. Windsor/El Hagahn,4.31,962088110,9780960000000.0,eng,151,406,30,8/25/2006,Windsor Golden Series
9931,Cruelest Journey: Six Hundred Miles To Timbuktu,Kira Salak,3.93,792274571,9780790000000.0,eng,320,542,65,11/01/2004,National Geographic Society
9936,Between Time and Timbuktu or Prometheus-5,Kurt Vonnegut Jr.,3.46,385280793,9780390000000.0,eng,304,727,23,7/15/1972,Delta
9950,Murder in Amsterdam: The Death of Theo van Gogh and the Limits of Tolerance,Ian Buruma,3.72,1594201080,9781590000000.0,eng,288,996,98,09/07/2006,Penguin Press HC  The
9957,The Cement Garden,Ian McEwan,3.54,99468387,9780100000000.0,eng,144,18376,1022,08/05/2004,Vintage
9961,Atonement,Ian McEwan,3.9,99429799,9780100000000.0,eng,372,4844,506,05/02/2002,Vintage
9974,Gertrud The Great Of Helfta: Spiritual Exercises,Gertrude the Great/Gertrud Jaron Lewis,3.43,879074493,9780880000000.0,eng,165,7,1,11/01/1989,Cistercian Publications
9975,Gertrud,Hermann Hesse,3.85,3518373900,9783520000000.0,ger,180,134,5,01/01/1983,Suhrkamp
9981,Der Prozess,Franz Kafka,3.98,805232117,9780810000000.0,ger,0,2,0,05/05/1988,Schocken
9987,Naokos Lächeln,Haruki Murakami/Ursula Gräfe,4.03,3442730503,9783440000000.0,ger,416,1254,63,02/01/2003,btb
9997,The Ruined Map,Kōbō Abe/E. Dale Saunders,3.55,375726527,9780380000000.0,eng,304,1398,105,12/04/2001,Vintage
10000,The Face of Another,Kōbō Abe/E. Dale Saunders,3.78,375726535,9780380000000.0,eng,238,2584,153,02/04/2003,Vintage
10002,Three Plays: Involuntary Homicide / The Green Stockings / The Ghost is Here,Kōbō Abe/Donald Keene,3.91,231082819,9780230000000.0,eng,233,83,4,03/01/1997,Columbia University Press
10004,Secret Rendezvous,Kōbō Abe/Juliet Winters Carpenter,3.61,375726543,9780380000000.0,eng,192,989,82,07/09/2002,Vintage
10006,Oracle Night,Paul Auster,3.78,965913228,9780970000000.0,eng,245,9941,462,12/02/2003,Henry Holt
10008,Eleanor Rigby,Douglas Coupland,3.65,1582346437,9781580000000.0,eng,272,8517,372,5/30/2006,Bloomsbury USA
10009,Homo Faber,Max Frisch,3.74,156421356,9780160000000.0,eng,228,12491,267,05/01/1994,Mariner Books
10013,Erläuterungen Zu Max Frisch  Homo Faber,Bernd Matzkowski,3.6,3804417833,9783800000000.0,ger,104,4,0,05/11/2002,C. Bange
10023,Homo faber: Ein Bericht.,Max Frisch,3.74,3458340440,9783460000000.0,ger,298,37,5,01/01/1995,Insel
10029,The Philosophy of Jean-Paul Sartre,Jean-Paul Sartre,3.89,1400076323,9781400000000.0,eng,512,190,8,5/27/2003,Vintage
10033,Being and Nothingness,Jean-Paul Sartre/Hazel E. Barnes/Mary Warnock/Richard Eyre,3.96,415278481,9780420000000.0,eng,688,23344,267,8/28/2003,Routledge
10034,The Age of Reason,Jean-Paul Sartre,3.98,679738959,9780680000000.0,eng,408,9477,313,07/07/1992,Vintage International
10040,Die Entdeckung der Langsamkeit,Sten Nadolny,3.95,3492207006,9783490000000.0,ger,358,1806,27,3/28/1999,Piper Verlag
10050,Youth in Revolt: The Journals of Nick Twisp,C.D. Payne,4.02,385481969,9780390000000.0,eng,512,8257,793,01/01/2001,Broadway Books
10055,And I Don't Want to Live This Life: A Mother's Story of Her Daughter's Murder,Deborah Spungen,4.1,449911411,9780450000000.0,eng,408,4746,298,9/29/1996,Ballantine Books
10057,Sid and Nancy: Love Kills,Alex Cox/Abbe Wool,3.48,571145450,9780570000000.0,eng,143,140,5,12/31/1986,Faber & Faber
10058,Flags of Our Fathers,James D. Bradley/Ron Powers,4.19,553384155,9780550000000.0,eng,382,45954,1297,8/29/2006,Bantam
10061,Flags of Our Fathers: A Young People's Edition,Michael R. French/Ron Powers/James D. Bradley,4.17,440229200,9780440000000.0,eng,224,255,28,08/01/2006,Laurel Leaf Library
10073,A Long Way Down,Nick Hornby,3.42,1594481938,9781590000000.0,eng,368,65202,3943,05/02/2006,Riverhead Books
10075,Clockwork (Cover to Cover),Philip Pullman,3.87,185549695X,9781860000000.0,eng,0,24,1,7/29/2002,BBC Audiobooks
10079,Mary Queen of Scots,Antonia Fraser,4.05,038531129X,9780390000000.0,eng,568,12235,306,09/01/1993,Delta
10080,Mary Queen of Scots and the Murder of Lord Darnley,Alison Weir,4.04,712664564,9780710000000.0,eng,640,4947,119,02/05/2004,Pimlico
10083,On the Trail of Mary  Queen of Scots,J. Keith Cheetham,3.25,946487502,9780950000000.0,eng,192,12,1,06/01/1999,Luath Press Ltd
10084,River of Blue Fire (Otherland  #2),Tad Williams,4.02,886778441,9780890000000.0,eng,675,13383,235,09/01/1999,Daw Books
10089,Mary  Queen of Scots: Queen Without a Country,Kathryn Lasky,3.83,439194040,9780440000000.0,eng,202,4825,148,05/01/2002,Scholastic
10090,Mountain of Black Glass (Otherland  #3),Tad Williams,4.05,886779065,9780890000000.0,eng,749,13265,163,09/12/2000,Daw Books
10096,Mary  Queen of Scots: Pride  Passion and a Kingdom Lost,Jenny Wormald,3.72,1860645887,9781860000000.0,eng,224,39,6,05/04/2001,Tauris Parke Paperbacks
10097,Queen of Scots: The True Life of Mary Stuart,John Guy,3.93,618254110,9780620000000.0,eng,581,1882,155,04/07/2004,Houghton Mifflin
10105,The Last Wife of Henry VIII,Carolly Erickson,3.89,312352182,9780310000000.0,en-US,326,10702,366,10/03/2006,St. Martin's Press
10106,The Children of Henry VIII,Alison Weir,4.05,345407865,9780350000000.0,eng,385,11134,418,07/08/1997,Ballantine Books
10107,The Last Days of Henry VIII,Robert Hutchinson,4.14,60837330,9780060000000.0,eng,368,1523,23,9/20/2005,William Morrow
10108,The Autobiography of Henry VIII: With Notes by His Fool  Will Somers,Margaret George,4.26,312194390,9780310000000.0,eng,939,24108,822,9/15/1998,Griffin
10112,Henry VIII (Shakespeare  Pelican),William Shakespeare/Stephen Orgel,3.54,140714758,9780140000000.0,eng,126,93,14,08/01/2001,Penguin Classics
10115,The Memoirs of Cleopatra,Margaret George,4.18,330353829,9780330000000.0,eng,1139,15616,913,01/10/1998,MacMillan General Books
10118,Saint George and the Dragon,Margaret Hodges/Trina Schart Hyman,4.18,316367958,9780320000000.0,eng,32,6935,389,09/04/1990,Little  Brown Books for Young Readers
10126,Kiss Me Like a Stranger: My Search for Love and Art,Gene Wilder,3.9,312337078,9780310000000.0,eng,261,3668,419,03/07/2006,St. Martin's Griffin
10134,Wie ich eines schönen Morgens im April das 100%ige Mädchen sah,Haruki Murakami/Nora Bierich,3.8,3499222507,9783500000000.0,ger,218,44,2,08/01/1998,Rowohlt Tb
10147,The Complete Sherlock Holmes  Volume I,Arthur Conan Doyle/Kyle Freeman,4.49,1593080344,9781590000000.0,eng,709,26794,278,09/01/2003,Barnes  Noble Classics
10148,The Complete Sherlock Holmes  Volume II,Arthur Conan Doyle/Kyle Freeman,4.47,1593080409,9781590000000.0,eng,709,874,57,10/01/2003,Barnes  Noble Classics
10156,The Last of Her Kind,Sigrid Nunez,3.72,312425945,9780310000000.0,eng,391,1459,242,12/12/2006,Picador USA
10165,Anatomy of Love: A Natural History of Mating  Marriage  and Why We Stray,Helen Fisher,3.94,449908976,9780450000000.0,en-US,432,501,36,01/03/1994,Ballantine Books
10170,The Devil's in the Details (A Camilla MacPhee Mystery  #4),Mary Jane Maffini,4.0,189491712X,9781890000000.0,eng,320,63,11,10/01/2004,Napoleon and Co
10172,Wigfield: The Can-Do Town That Just May Not,Amy Sedaris/Stephen Colbert/Paul Dinello,3.58,1565117727,9781570000000.0,eng,5,81,19,5/19/2004,Highbridge Audio
10173,The SantaLand Diaries and Season's Greetings,David Sedaris/Joe Mantello,4.18,822216310,9780820000000.0,eng,54,584,34,12/01/1998,Dramatists Play Service
10174,Jenny and the Jaws of Life: Short Stories,Jincy Willett/David Sedaris,3.74,312306180,9780310000000.0,en-US,272,1307,178,9/14/2002,St. Martin's Griffin
10200,Venac sonetnih venaca; Puževa srma,Dobrica Erić,0.0,8644101277,9788640000000.0,srp,222,0,0,01/01/1996,"Izdavačka agencija ""Draganić"""
10203,View With a Grain of Sand: Selected Poems,Wisława Szymborska/Stanisław Barańczak/Clare Cavanagh,4.33,156002167,9780160000000.0,eng,214,3479,211,5/26/1995,Mariner Books
10204,View with a Grain of Sand: Selected Poems,Wisława Szymborska,4.33,571191630,9780570000000.0,eng,214,33,7,10/23/1996,Faber  Faber
10205,Poems New and Collected,Wisława Szymborska/Clare Cavanagh,4.43,156011468,9780160000000.0,eng,296,2561,120,11/16/2000,Mariner Books
10206,Sounds  Feelings  Thoughts:  Seventy Poems by Wislawa Szymborska,Wisława Szymborska/Magnus J. Kruyski,4.36,691013802,9780690000000.0,eng,232,229,22,8/21/1981,Princeton University Press
10208,Miracle Fair: Selected Poems,Wisława Szymborska/Joanna Trzeciak/Czesław Miłosz,4.42,393323854,9780390000000.0,eng,159,482,47,11/17/2002,W. W. Norton  Company
10210,Jane Eyre,Charlotte Brontë/Michael Mason,4.12,142437204,9780140000000.0,eng,532,1409369,27884,02/04/2003,Penguin
10215,The Far Pavilions,M.M. Kaye,4.21,517333414,9780520000000.0,eng,0,19,4,12/12/1988,Random House Value Publishing
10217,Death in Kashmir,M.M. Kaye,3.95,312263104,9780310000000.0,eng,256,1511,104,12/01/2000,St. Martins Press-3PL
10219,The Sun in the Morning: My Early Years in India and England,M.M. Kaye,4.22,312049994,9780310000000.0,en-US,454,249,39,09/01/1990,St. Martin's Press
10220,Death in the Andamans,M.M. Kaye,3.93,312252811,9780310000000.0,eng,272,845,57,02/11/2000,Minotaur Books
10221,Death in Berlin,M.M. Kaye,3.89,312263082,9780310000000.0,eng,272,889,62,06/08/2000,Minotaur Books
10222,The Far Pavilions,M.M. Kaye,4.21,031215125X,9780310000000.0,en-US,958,37064,1028,1/15/1997,St. Martin's Griffin
10224,Enchanted Evening,M.M. Kaye,4.38,312265816,9780310000000.0,eng,368,99,11,12/05/2000,St. Martin's Press
10232,Pathologies of Power: Health  Human Rights and the New War on the Poor,Paul Farmer/Amartya Sen,4.25,520243269,9780520000000.0,eng,438,3994,212,11/22/2004,University of California Press
10233,Infections and Inequalities: The Modern Plagues,Paul Farmer,4.09,520229134,9780520000000.0,eng,424,2534,80,2/23/2001,University of California Press
10235,Mountains Beyond Mountains: The Quest of Dr. Paul Farmer  a Man Who Would Cure the World,Tracy Kidder,4.21,812973011,9780810000000.0,eng,333,63813,4347,8/31/2004,Random House Trade
10238,The Tao of Physics: An Exploration of the Parallels between Modern Physics and Eastern Mysticism,Fritjof Capra,3.97,1570625190,9781570000000.0,eng,366,14183,398,01/04/2000,Shambhala
10255,Dr. Mary's Monkey: How the Unsolved Murder of a Doctor  a Secret Laboratory in New Orleans and Cancer-Causing Monkey Viruses are Linked to Lee Harvey Oswald  the JFK Assassination and Emerging Global Epidemics,Edward T. Haslam/Jim Marrs,3.92,977795306,9780980000000.0,eng,374,1023,164,04/01/2007,Trine Day
10261,The Art of Richard P. Feynman,Michelle Feynman,4.31,2884490477,9782880000000.0,en-US,174,13,2,07/01/1995,Routledge
10263,The Early History of God: Yahweh and the Other Deities in Ancient Israel,Mark S. Smith/Patrick D. Miller,4.03,080283972X,9780800000000.0,eng,243,238,29,8/28/2002,Eerdmans
10269,Haiti  History  and the Gods,Joan Dayan/Colin Dayan,3.95,520213688,9780520000000.0,eng,362,37,1,03/10/1998,University of California Press
10270,Acts of God: The Unnatural History of Natural Disaster in America,Ted Steinberg,3.72,195309685,9780200000000.0,eng,309,104,8,06/01/2006,Oxford University Press  USA
10285,The World's Religions,Huston Smith,4.07,62508113,9780060000000.0,eng,416,8741,306,9/13/1991,HarperOne
10289,Introduction to World Religions,Christopher Partridge,3.78,800637143,9780800000000.0,eng,495,44,4,3/24/2005,Augsburg Fortress Publishing
10303,FDR's Folly: How Roosevelt and His New Deal Prolonged the Great Depression,Jim  Powell,4.0,140005477X,9781400000000.0,eng,352,481,45,9/28/2004,Crown Forum
